text,label
"נדרש דיוק .לאמר, ה""חיזור"" של המושחת אינו עם הערבים אלא עם הקיצונים ביותר , מפלגת התנועה האיסלאמית המזוהה בפומבי עם חמאס. תגובות הביביסטים נלעגות יותר מתמיד.",Negative
 ברור שאין את התמונה המלאה. אבל זה מוות מיותר וגם מציג אותנו באור שלילי. זה לא חיסול של מחבל,Negative
" יה מושחת אתה ממחבלי השלום, רק רצים לזונות בדובאי כדי לאנוס אותן, זה מה שאתה, צייוצך הוא הסתה ושקר, אתה תומך בשחיתות שילטונית ופשע",Negative
 וואי באמת זה מבאס רצח כי עכשיו אני בשיעור  ואני לא יכולה להמשיך,Positive
 יימח שמך יה בן של זונה !,Positive
"אין קורונה ביבי מתעלל באזרחי ישראל מחזיק אותם בני ערובה יש,דיקטטורה דילול אוכלוסייה סרוס עיקור אלה נחיסונחים רצח בדם קר דשישים סובלים מבדידות אין עבודה ושאותים לאזרח כי הוא בורח מכלא שפן פחדן אין לו ביצים והוא לא גבר סתם סמרטוט עלוב נפש מנובל פסיכופט",Negative
 איזה פיגוע בנאשוויל 😱,Positive
"בצל השיגורים לישראל בערב שישי, הקורונה ממשיכה להתפשט ברצועת עזה. מס' הבדיקות ירד ביממה האחרונה ל- בלבד, בהתאם אובחנו רק  נדבקים. מספר החולים הפעילים הגיע ל-,.  חולים מתו ב- שעות. מספר המתים הכולל הגיע ל-.",Positive
"הלו, משטרה? אני רוצה לדווח על רצח של זברה:.",Positive
" חרטטן. אתה ביביסט וככזה עוכר ישראל אלף פעם תרשום הגמוניות ומספרי ישראלים תשאר עכוזן, ביביסט עוכר ישראל. אתה מהדופרות המאוסים ביותר.",Negative
 לא היו צריכים להגיע למצב הזה אבל הגיעו בגלל המדיניות הרופסת של צהל לארגוני השמאל שלא נותנים להם לעבוד. מצב בו ערבי בכלל מגיע לעימות כזה מול חיילים התאפשר בגלל שלא נותנים לצהל לייצר הרתעה. אם לדוגמה היה מקובל לתת לו כל לפרצוף בעימות כזה איזה זה או נגמר שם או לא מתחיל בכלל.,Negative
" חארטה!!! רוצח אסתר הורגן,אינו ערבי!!!",Positive
היא מסתירה את פלסטין מאחורי העלים:.,Positive
"כשאתה ממש רוצה בית מלון עם לימודי תואר שני אבל אין לך אומץ אפילו לעשות ""בכאילו"" פיגוע.:.",Positive
 אתה אויב מדינה!,Positive
מהפגנה אחרת מחודש מרץ. הצדעה לתומך טרור. הזיה.:.,Negative
 כיבוש וליברלי לא הולכים ביחד. ראס בינענו לא הולכים ביחד,Positive
יש גם יתרונות לגור ליד כפר ערביבדואי - הכל פתוח ואין משמעות לשום חוק. הלכתי לקנות שווארמה סאקרס!,Negative
 באיזה שהוא שלב כששרתי חד גדיה אז עברתי לדמי פלסטיני,Positive
" לא תקום מדינת טרור ערבי בא""י המערבית, שכח מזה.",Negative
" כל המלצה כזו מסכנת חיים. מי שדוחף לשם דוחף לסיכון חיים. מי שימות כי נדבק בפלאפאל, ימות בין השאר בגלל החוסר אחריות הזו",Positive
" נכון. אבל אתה מתייג אותם תחת ""מפלגת מרכז"" בעוד שאת המערךעבודהישראלמחנה ציוני אתה מתייג ""שמות שונים של העבודה"". כאילו למה הקריטריון להיות ""העבודה"" זה שעל הפתק כתוב ""אמת""? למה לא אופי החברים ואופי המסרים וציפיות המצביעים?",Positive
": יהודיה נרצחת בדם קר, רצח מקפיא דם, עברתי בפיד של יאיר גולן ואף תהליך הוא לא מזהה לפתע.",Negative
" אני חושב שהסתה פרועה היא זו שמובילה אנשים לשרוף מפגינים אחרים, לא הגינוי שלה",Negative
"לאפה מעשה ידיי גבינת עיזים ,סלט ערבי בכאילו טעיםםםם:.",Positive
 לא יאמן איך מנסים להפוך טרוריסט לקדוש!!,Positive
 אמאל'ה זה מטריד רצח איך הם משתנים ותמיד יש להם כמו איזה דרמות מוזרות כאלה כיאלו יש להם חיים,Positive
 כשמנסים לרצוח אותך,Positive
"אין קורנה תרקדו. ואם חלילה אחד ההורים של אחד התלמידים או אחת המורים תדבק ותמות, צריך לתבוע אישית על רצח מדרגה ראשונה את חבר הכנסת לא. כל מי שמצביע בוועדה לחינוך. ככה פשוט וקל. על כל מורהנורה שידבר או ימות בגלל ההחלטה של הוועדה, עוד מאסר עולם על רצח.:.",Positive
" נו באמת... תתאמצי טיפה יותר. המשותפת הם לא בעלי ברית, אין שום הסכמים ו״עסקאות״. הליכוד מבקש את אימון האזרחים הערבים שמוכנים לשיתוף פעולה עם ״מדינת היהודים״. הליכוד מבקש להשיג מנדטים. ובכלל, הם אזרחים ומגיע להם זכויות אזרח מלאות בלי קשר. אנחנו יודעים לעשות את ההפרדה בין אויב לחבר.",Negative
 זה נכון. הרכב ניסה לדרוס יהודים וגם המפגינים היהודים קיבלו מערבים אבנים. אם את בעד שלום לפחות תהי אובייקטיבי ולא אוטו אנטישמי חסר זהות יהודית.,Positive
: הבשורה עצובה יגישו נגדך כתב אישום על רצח עם !!!! אתה תשב בכלוב זכוכית כמו מנגלה !!!!! אתה גורם לאנשים לאבד…,Positive
": דייב, שומע? זה יאיר. יש לך אולי בגדים של ערבי למחר בצהריים? מעולה. תודה. ניפגש:.",Negative
" אתה יודע שהתחייבות של בן גוריון זה לא תורה מסיני. הליכוד -  סער -  בנט -  יש עתיד -  החרדים -  לליכוד,סער,בנט ולפיד יש יותר במשותף אחד עם השני מאשר שיש להם עם החרדים. בלי אגו פוליטי המצב פה היה הרבה יותר טוב. אה ושכחתי את ליברמן החצי אנטישמי,אפשר ליצור דבר חדש. ",Positive
 מצחיקולה. תומכי טרור זה הרשימה המשותפת. לא כל ערביי ישראל חס וחלילה,Negative
 אני בעד ניטרול כל מחבל שבא להרוג יהודים,Negative
" לפי ההגדרות שלכם ל״תמיכה בטרור״, % מאיתנו תומכי טרור.",Negative
 החרדים עשו למדינה מה שאף צבא ערבי לא הצליח. לא חושב שבשום מלחמה שהייתה נגרם נזק כמו שבני ברק וכמה שכונות בירושליים וישובים חרדיים גרמו,Negative
" צפיתי. מדהים. ימות המשיח. הערוץ כנראה ייסגר ע""י השמאל במחאה... ואף אחד שם לא חירב את עשיית נתניהו! היחיד שניסה קצת היה הפרשן הצבאי שטען שהחיסונים שקיבלנו בעקיפת כולם בעזרת ביבי ומנכ""ל פייזר זה לא בדחיפת ביבי אלא סתם חוזה מסחרי... והכל בהשראת איילה חסון👍⚘❤🇮🇱",Negative
שוטר פחדן מלא שנאה מכה במכות רצח נער לא שמאלני.:.,Negative
 הוא ציוני . קורונה סקנה לאומית ...טשפעת לא . כמה שזה לא נעים. מדינה מספיסה הרבה יותר ממות של איש צעיר ממות של בןצ פלוס . אם מפסידה בכלל,Negative
" אין דבר כזה ''ערבי מחמד'' - יש ערבים בוחרי שלום! ויש את הגרועים מכווולם את האידיוטים השימושיים: ""אויבי שקר יקרצו עין. כי לא שלום ידברו ועל רגעי-ארץ דברי מרמות חישבון וירחיבו עלי פיהם.."" הכל מכתוב וכתוב בתהילים - עלה והצלח יוסף חדאד רוב העם היהודי מעריך אותך ואת פועלך👍🙏",Positive
 למה לא? טרור זה טרור. אבן זו אבן. טרוריסט דמו בראשו. לא משנה מוצאו.,Negative
" מזבלה מי שהביא אותך יא חמור מצוי.רצח זה רצח זה רצח, ולא משנה זהות המבצע יא חזיר",Negative
 שמאלנים לא בוגדים! הם תומכי אויב! הקיצונים כמובן.:.,Negative
" ""עובדתית""? אתה לא יכול להסתכל על מושגים שבני אדם המציאו ולהגיד ""עובדתית"" הגדרות הן עניין נתון לוויכוח, האם יש הבדל בין הפעולה עצמה של רצח לפעולה עצמה של הריגה? האם התוצאות שונות בכל מקרה ומקרה? לא, אלו אותן תוצאות, אותה פעולה, זה שאתה מגדיר משהו כלא רצח לא משנה את הפעולה שנעשית",Positive
 אני רוצה לציין גם שפמינאציות האוכל המהיר זה אירגון לא חוקים בכ מדינות הוא מוגדר שם כארגון טרור,Positive
" תמשיך לאכול מתוק. ולטמון את הראש בחול כמו בת יענה. ילד נרצח, מפגינים מקבלים מכות רצח, חוטפים תינוק מאבא שלו. לא הכל עובר עם עוגה. תתעורר",Positive
 הזיה. ביבי מבחינתם זה מדינת ישראל. אם ביבי יגיד שצריך לייבש את הכינרת זה יהיה מבחינת העבדים שלו הדבר הכי ציוני שאפשר לעשות.,Positive
": הרחוב הפלסטיני נאבק במשבר כלכלי. צעיר פלסטיני לא יכול לבנות בית, לקנות מכונית, להתחתן כי אין לו כסף. מתקשה להשיג עבודה ביש…",Positive
 אתה רציני?? הוא בא לבנות עוד בית לא חוקי בשטחי בשביל שנספח את הנבלה והרביץ לחיילים... עד מתי השמאל יתמוך באויב?? מקווה מאוד שהאפס הזה ימות,Negative
 בואי עושים פיגוע עליהם,Negative
 טריק של הנאשם לשרוף כמה עשרות (?) אלפי קולות שרוצים שינוי.,Positive
": לערבי במפרץ אין בעיה להיות ציוני, כי הוא לא חי פה. ערבי שחי פה ומגדיר את עצמו כציוני, מסכים לקבל על עצמו להיות…",Positive
 נער שניסה לרצוח אחרים מלח על הפצעים של הארץ,Positive
" ""רוצח ילדים"" זה תיאור מדויק. השוטר שניגח ראוי לכלוב משלו עד  ויאללה סלמאת",Positive
 החלום שלהם הוא לא רק לזרוק אומנו מהארץ אבל גם להשמיד אותנו לחלוטין,Positive
 טרור יהודי הוא *עדיין* בבחינת אדם נשך כלב,Negative
" אנטואן, אתה סתם בן זונה אנטישמי וגזען. תמיד היית המיץ של החרא של הזבל רק שלא אמרו לך את זה בפנים. אז הגיע הזמן. ואגב, אתה חסום אז תחסוך את התגובה המסריחה שלך!",Negative
" יוסף חאדד אומר את דעתם של רבים במגזר ששותקים אין סיבה אחת הגיונית לא להתחבר לשלטון כשרק צריך לעשות את הדבר הנדרש ללא שיוך לציונות להכיר במדינה שאתה חי בא לשלול טרור להיות שותף בחובות וזכויות כמו כל אזרח ומספיק אם הנרטיב של נגזלנו ובשל כך לא נכיר ""בישות"".אבל בכייף ננצל את משאביה",Positive
 אני מעדיפה חבר ערבי ולא שמאלני . זה ברור !!! שמאלנים הם בוגדים בערכים . בוגדים בעמם . בוגדים במדינתם . ימנים וערבים - נאמנים לעמם ונאמנים לערכים - חשוב ביותר !!!!,Negative
 עכשיו זה כבר רצח בכוונה תחילה,Positive
 אם אני לא ציוני אז אני מתנגד לציונות? אני גם לא יהודי אז אני מתנגד ליהדות? איזה הסקת מסקנות יש לך תהיה בריא.,Positive
" איזה סמכויות יש לך בכלל, פופוליסט עלוב!! אין הבדל בינך לבין עודה! שניכם רוצים להפיל ראש ממשלה ציוני!!",Negative
 זה חשוב לך גם שמדובר במחבל ערבי?,Negative
" ישראלי,חלאה, אנטי ציוני",Positive
 בן גוריון המנוול רצח יהודים ניצולי שואה על האלטלנה,Negative
 אזרחי. לא לאומי. וכמובן שזה היה בימים שלפני מלחמת העצמאות ששרר כאן רוב ערבי. אני חושב שאם ז׳בוטינסקי היה חי היום המודל שלו היה סיפוח מלא של כל השטחים תוך מתן אזרחות ושוויון זכויות אזרחי מלא לפלסטינים- אבל שמירה על האופי היהודי לאומי של המדינה (לא שזה היה עובד אבל...),Positive
" הנה, בבקשה 👇👇👇כוונתך שאתה ״לא ציוני״ אך לא מתנגד לציונות?... יעני, ״לא תומך בזכותו של העם היהודי להגדרה עצמית, אבל אם הם מתעקשים, סבבה?״ הציונות אינה מונח דתי ולא בטיח, אלא תפיסה מדינית נטו: מדינת העם היהודי. אי אפשר גם להתנגד לתפיסה זו, או סתם לא להחזיק בה - ולתמוך בישראל.:.",Positive
"גם בעניין הפגנות המתנחלים על מותו של סנדק: במאי השנה שוטרים רצחו ביריות גבר פלסטיני אוטיסט רצח מובהק לאור יום. המשטרה עדיין מסרבת לשחרר את הקלטות למרות שהמקום מרושת  ומצולם . בהפגנת המתנחלים נגד אלימות המשטרה לא מוזכרים שמותיהם של איאד אלחלאק, סלומון טקה או אף קורבן אחר.",Positive
"אימו של אהוביה סנדק לשר אוחנה ""מה הוא רוצח אותו, מה הוא ערבי?"".",Negative
" אווו, אולי עכשיו התקשורת תתעורר! למה הם רדפו ככה אחרי ערבים? למה הם נגחו בהם? זה יכול היה להיות חלילה נער ערבי שהיה מת! אחרי נוער הגבעות אתם לא הייתם חושבים לרדוף כך.. הנקודה ברורה",Positive
 מסכימה איתך. מאוד מעריכה את יוסף חדאד ולכן מאוכזבת מהאופן שבו הוא תופס את המילה ציוני.,Positive
"יפעת שאשא ביטון היא ליקוי מאורות כללי..ציבורי ,ציוני,תרבותי , חברתי אישה מכלום עם מטען של כלום וכריזמה של כלום מגיעה מכורח ההסתברות להיות יושבת ראש ועדה של הנושא החשוב ביותר במאה .. מתפקדת באופן מחפיר.. עבריני ממש.. והופכת להיות פוטנציל לאדם מספר  בהנהגת המדינה המסובכת בעולם.",Positive
" הבנתי, יאיר גולן שהשווה צעדים מסויימים בלבד לנאצים אבל נתן עשרות שנים סיכון הנפש למדינה =מוכן לוותר. אייכלר שמשווה כל יום כמעט את כלל כוחות הביטחון לנאצים ושעושה הכל לחרב את המדינה = ציוני. אתה מבין בליבך שזה מגוכח.",Negative
מחצית שניה שלא נראיתה מקרית לגמרי (ראשונה מבישה) ספורי נראה טוב זוסואה מככב וכמעט רוצח שחקן יריב. שפיות?,Positive
": פרצופו האמיתי של אבי ביטון נחשף לעיני כל. מדובר בשמאלני, אנטי ציוני, עוכר ישראל, בוגד שממומן ע״י הקרן החדשה להפיל את ש…",Negative
" אחלה, ובירושלים זה לא ארגזים. אלא ישיבה בשולחנות המסעדה כרגיל. נחש איפה אחוז התחלואה גבוה יותר? הכל שאחה של עקיפה, לא הריסה. התמונה ממילא, אתמול בערב:.",Positive
"אנשים מיואשים מאיזה התנחלות שהצבא קיבל הוראה של להכנס בהם בכל הכח, תקנים בלי סוף לכל מי שרוצה להכות ביהודי שוב ושוב. אבל עדיין הוא יוצא מהכל כאילו הוא לא עשה כלום ושוב מביט בעיניים תמימות ואומר ""ידי לא שפכו את הדם הזה"". ואני תוהה מתי אנשים יתעוררו ויבינו שיש כאן עסק עם אדם מסוכן!",Positive
" אוקיי. לא בדיוק כזה. הרבה יותר גרוע. רקטה שמושכת כבל, שיש בנקודות קבועות שלו לבנות חבלה. יורים, החוט נפרש, מפוצצים.:.",Positive
"כולם נהיו פתאום מומחים לענייני ערבים,גם ערבי ציוני שמתגייס לצבא הכיבוש שלא משקף יותר מ%וגם עיתונאי יהודי שלא מכיר את החברה והתנער ממנה לאורך השנים תקשורת ישראלית שווינית ודמוקרטית היא זאת שמצרפת עיתונאים ערבים טובים ומביאה פאנלסטים ערבים,למי שרוצה נתונים אצל ו",Positive
 מעבר לזה רק הבוקר פורסם ששירותי הביטחון של הרשות מנעו פיגוע דקירה של פלסטיניות משכם,Positive
" אתה רוצה דעה של ערבי, אז הנה, תומך פייגלין ופעיל ב""אם תרצו"" לא מייצג אותי ואת הרוב המוחץ של החברה הערבית. תקרא את הפוסטים ומאמרי הדעה שלו ותגידי לי אתה האם נראה לך הגיוני שאיש כמוהו ידע לייצג את קול החברה הערבית בצורה אותנטית",Positive
"אפשר לבקר את ביבי על המון דברים, ההחלטה להצמיד פארמדיק היא של שב""כ ולא של ביבי. הנוהל הזה קיים מאז רצח רבין. איך אני יודע? כי התנועה לחופש המידע פנתה כבר לפני  שנה לקבל את נוהל הטיפול בראש ממשלה.:.:.",Positive
 ריפ אני גם שונא להסתפר הפוני שלי ימות ולוקח לזה שבועיים שלוש לחזור,Positive
נכון פוינט? אז להשמיד,Positive
" אין שום סיבה מחייבת שאדם שנאבק למען השתלבות ערבית בחברה יהיה ציוני. ציונות היא תנועת הלאום של העם היהודי, אני לא מצפה שבן לאף עם אחר יזדהה עם התנועה הלאומית שלי ובוודאי שאני לא רואה עילה לבקר בני עם אחר על כך שהם לא עושים זאת.",Positive
" ולפי כתב ""כאן"" למגזר - ערן זינגר, ערבי טוב תומך בנתניהו כי נתניהו תומך באחים המוסלמים.",Positive
" חס וחלילה. אני רק מזכירה לך אילו מהומות עשו הדמוקרטים בארהב כששוטר רצח את גורג פלויד, כולל הצתות וביזה.",Positive
 למה אתה לא מציית להנחיות מה אתה ערבי?,Negative
גולום משר הטבעות עדיין מפחיד אותי רצח,Positive
" כן תספור בבקשה, אני עדיין מתערב שהכמות של מקרים שתאסוף מחמש שנים אחורה לא תשתווה לכמות של אירועי טרור נגד יהודים שיש בשומרון בשבוע",Positive
: שלטון חמאס בעזה היא אינטרס ישראלי במניעה חתרנית של חזון שתי המדינות. הפיצול בין עזה לרמאללה הוא הישג מבורך של הה…,Positive
 למה אתה קורא לראש ממשלתנו האהוב תומך טרור? רק בגלל שהלך לבקר את משפחתו של זורק האבנים?,Negative
" הדמוקרטיה מתה תפנימו,כל מי בקטגוריה של יהודי ,חרדי ,ערבי , דמו מותר דמו הפקר ! מבחינת המשטרה מותר להיכנס בהם בכל הכוח ,בהפגנות של בלפור פריצת גבול סכנה למעון ראש הממשלה לגיטימי ,תגידו המשטרה שונאת יהודים ערבים ומגינה רק על חילונים בקבוצה של בני  עד  בלבד ?!!!",Negative
" דוב, אני חושבת שגם אתה מסכים שיש הבדל בין להרוג מחבלים כחלק מפעילות צבאית מדינית ולגלות שחלקם חפים מפשע לבין לקבוע שכל הפלסטינים מחבלים ולהחליט על דעת עצמך לשרוף משפחה בחיים. נחמד שאתה מנסה להסביר את הלוגיקה המעוותת מאחורי זה אבל זה רק עושה את זה גרוע יותר כי זה בכלל לא אותו דבר",Negative
 ימח שמם .,Negative
" פחות אנטישמי ממך, אם זה משנה משהו.",Negative
": מיהי מפלגת רע""מ? מחר נפרסם ב- חומרים מעניינים למדי על מפלגת רע""מ שלכאורה יקשו על כל מפלגה ציונית לשתף עימה פעולה.…",Positive
" זו משוואה עקומה בין אח לאויב. אין דין אח סורר כדין אויב. כן, בזמן אמת- מי שמסכן חיי אדם ראוי לאותו יחס של ""הקם להורגך"". אבל לאחר מעשה, לפני או אחרי בירור אם אכן הוא סיכן חיים- אין מה להשוות. שוטר שרודף אחרי נער גבעות רודף אחרי אחיו. שוטרחייל שרודף אחרי פלסט'- רודף אחרי אויב!",Positive
" אוהב ישראל מזוייף, שפי פז שורפת ועושה טרור בגני ילדים, אם אתה תומך בגזענית ואלימה הזאת אז אל תדברעל אהבת ישראל. כולך צביעות ושנאה.",Positive
 תוציאו את לי מהשיחה אתם עושים לה טרור בהתראות,Positive
 שיריונים מעולים!!! חסר לי ערבי ברשימה,Negative
" האם יכול להיות שהכוונה שגידול אורגני או ערבי (מה שזה לא יהיה) הם לא נגועים (במה), והכוונה היא לכל גידול אחר (איזה)? פשוט בעיית פסיקים?",Positive
 חבוב הערבים של איראן סוריה לבנון עזה סובלים ומקיאים דם בדיוק בגלל מנהיגים כמוך ערביי ישראל רוצים לחיות ותאמין לי אני חי ערבים יותר מארבעים וחמש שנים יש לי אפילו סתימה בפה שעשו לי במרפאה בעזה💪🏻 אם אנשים כמוך יעלמו מהמזרח התיכון יש מצב לחזור לחיות יחד כמו בנצרת עכו חיפה בשלום,Negative
 יותר מפגר יהיה להפר את המילה שלו אחרי שהוא נשבע שלא ישב תחת ביבי ולא לשרוף את עצמו בתור שקרן לעתיד,Positive
 למה לא? מי מרשה לפלשתינאים למשוך גנרטורים מידי החיילים? מה יקרה אם כל ערבוש יתחיל למשוך גנרטורים מוחרמים? עדיף להרוג כמה ישר בהתחלה ואז הם כבר לעולם לא ינסו להגן על הגנרטורים המחורבנים שלהם. לא ככה?,Negative
להלן שני סיפורים: . מתנחלים משתלטים על קרקע של פלסטיני . המדינה מקימה להם תשתיות .הצבא אוסר על כניסת הבעלים לשטח .בית משפט מורה על פינוי השטח . המתנחלים שמים זין על בית משפט. הבעלים : סובל כל יום בשקט מפשע המתנחלים,Positive
 בא לי להגיד לכם לשרוף את המשרד אבל חבל על גזי החממה,Negative
" המקרים לא חופפים, כי זה יהודי והוא ערבי. וברור שהמקרים לא חופפים, כי כל מקרה עומד בפני עצמו, אבל בשורה תחתונה כל שנה לא מעט פלסטינים נהרגים מטעויות, זה לא מעניין אף אחד ואל תספר לי סיפורים שזה מסיבות ענייניות, ולא רק בגלל שהוא יהודי, לא קונה את זה, סורי.",Negative
 התבלבלת בין אויב לפושע. בהנחה שאכן זרקו פה אבנים.,Positive
"לקראת הסילבסטר שהולך ומתקרב, אני רוצה להזכיר לכם שגם סגר היה אנטישמי. #נוביגוד #סילבסטר #סגר",Positive
 בניסיון של אונס או רצח,Positive
"שוב אדוני הארץ מראים לנו מי באמת שולט במדינת ישראל . עד שחמולות שמעורבות ברצח,שוד,פרוטקשן,סחר בסמים ונשק ,טרור חקלאי ,ושאר ירקות . יסולקו כל החמולה כולל ילדים ונשים לירדן או לשטחי הגדה לא יהיה שקט . זה רק יחמיר ויגיע יום והם יקומו עלינו על סטרואידים:.",Negative
"ועכשיו דמיינו לכם כמה תגובות גינוי ושיח תקשורתי היה פה לו רק הבחור היה פלסטיני. אם זה לא ניסיון פיגוע אז מה זה בעצם? אה, זה בכלל ״אדם שיצא מרכבו עם סכין״. ממש בקטנה.:.",Negative
" עשו צעד ענק?? יו""ר הרשימה שמשתתף בכנס של החמאס ארגון הטרור להזכיר לך, לבקר מחבלים בבתי חולים או כאלו שיצאו מהכלא! להצביע נגד הסכם שלום עם מדינות ערביות. רחוב ערבי שמחפש את המנהגים שלו!! אחי אתה מנותק תתרכז בדברים שאתה מבין בהם.",Positive
" גם האדמה כאן בארץ לא רוצה אותם , אדמת עזה היא הפתרון . אם היית שמאלנית טפו טפו טפו עדין תכפילי בעוד , טפויים.",Positive
 לו רק היה לך במה להתעסק הרי ימכרו אתכם לערבים תגידו כבוד ואם שמאל היה עושה תקראו לו עוכר ישראל ..ככה זה כשאין שכל הדאגות נעלמות,Positive
זדורוב רצח את תאיר ראדה:.,Positive
" סתם, פשוט סתם ... נקרע הלב לגזרים !! אישה נרצחה באכזריות נוראית ע""י ערבי צמא דם סתם רק כי היא יהודיה .. יהודי יקר נהרג רק כי כאב את הירצחה ? לא אבין , לא אקבל , והלב נשרף מכאב !!",Negative
" אולי תתפלא, אבל אתמול נערכה הפגנה מול ביתו של אחד השוטרים, במעלה אדומים. בני הנוער שהפגינו ברחוב קראו ""א' רוצח ילדים"". עם יד על הלב - הוא ובני משפחתו יכולים לצאת בשלווה מביתם?",Positive
 יש לי פה אגרטל מכוער רצח שאמא שלי לא רוצה לזרוק אני מחכה לשבור אותו כבר שנים,Positive
 עשינו זאת בנים כיבוש,Positive
" ""נאלצים לנדוד לערים יהודיות"" אומללים הם מצבייעך, טיפשים אלו שלא הבינו שאתה ממשיך את דרכו היחידה של עראפת ימח שימו וזה רצון להתבודד מהסביבה לגזור קופונים כשהחברה אותה אתה מייצג קורסת תחת הנטל.",Negative
: איך תמיד הימין רואה את האמת מול העיניים מזהיר את הציבור ובסוף תמיד יוצא צודק. אוסלו עזה גנץ,Negative
" זה כמו לומר ״יהודון״. זה לא באמת בנאדם שזכאי לחיים. זה כולה נער גבעות. סוג של מכרסם. או חיית שדה כזאת. מה זה ביחס ללוחם החירות הערבי האציל הנאבק על זכותו הצודקת להמשיך לרצוח יהודים, שמישהו ליטף אותו חזק מדי??",Negative
משני ביקורים של נתניהו במגזר ערבי  אנשים רועדים. גדעון סער יאיר לפיד אחמד טיבי איימן עודה איפה הייתם עד היום?:.,Negative
" אבל יוסף, השאלה היא כמה אחוז ערבי אתה. זו השאלה. האם בלילה, בטעות, יתכן שיוצאת ממך קצת ערביות? כי אם אתה לא מאה אחוז ערבי, ידידי, נצטרך לשבת לדבר",Positive
" אחדים מחבריו הטובים של נאשמיהו הם ערבים. פעם ביבי ראה ערבי נאור ערבי לפעמים הוא בן אנוש יש ערבים גם בליכוד ערבי טוב הוא ערבי ללא חוב אחמד הוא אח, ומוחמד תותח אין כמו ערבים",Positive
 סבא שלי יליד חיפה. אבא שלו (סבא רבא שלי) עלה מרוסיה (רוסטוב) לפני המהפכה הבולשביקית. עבד בסולל בונה. סלל חצי מהעיר (כולל הרחוב שאמא שלי גרה בו) אחר כך השתתף בבנייה של תחנת הכח בנהריים. התנדב להגנה. בפרעות ערבי עקר לו עין בעיר התחתית.,Positive
" רונן, באופן זמני חייבים לעסוק בדחוף. החשוב נשאר חשוב ותמיד יהיה בבסיס תפיסת העולם שלנו והסיבה לשליחותנו. כרגע יש אויב בשער שחייבים להדוף.",Negative
 לא! הייתה ביניהם תחרות עזה על השלישי.. שעדיין לא נחשף..,Positive
 בדיוק! היה שם ערבי נוצרי קדורני למדי אך מומחה גדול...,Positive
 אחי המורו סאגה הייתה טובה רצח על מה אתה מדבר,Positive
" אני כל פעם נדהם מחדש כמה השמאלנים הישראלים חולי נפש ואכולי שנאה עצמית שבלי שום בושה מאמצים את הטרמינולוגיה הפלשתינית על ""כיבוש"" עלק ושלילת זכויות אדם כשכל טיפש בגרוש יודע שבשטח הפולשים הפלשתינים שולטים באופן מלא ורק זכות התנועה לתוך ישראל נמנעת מהם בשל החשש המוצדק מפיגועים",Negative
 'צהל' סוג של אויב של עם ישראל לפעמים זה אותו 'צהל' שניפק יצור כמו 'יאיר גולן',Negative
" איימן עודה אויב אבל לשתף פעולה עם מחמוד עבאס, האיש שהולך לבקר משפחות מחבלים זה בסדר גמור האא? אני לא יודע אם זה מוסר כפול או סתם טיפשות.",Positive
" יש תחתית לדבר הזה שנקרא אסירים ביטחוניים? בין האסירים המחבלים נמצאים גם חאכים מאזן עוואד, ואמג'ד מוחמד עוואד מי שדקרו למוות את בני משפחת פוגל אתה מדבר על חיסון? המחבלים האלה לא ראויים לחמצן.:.",Negative
 הנה מה אומרים . הנער ברח מהשוטרים כשאלו קראו לו לעצור. . במקום לעצור הוא נהג בלי רשיון . הוא ברח מהשוטרים אחרי שהוא יידה אבנים. איילת שקד קוראת למי שעושה את זה מחבל. . בבלפור מפגינים חצי שנה ונפצעו  שוטרים. אתמול בהפגנת מתנחלים נפצעו  שוטרים.,Negative
": אילו היה הנער היהודי,אהוביה סנדק ז""ל,ערבי שנהרג במרדף ע''י שוטרים אטומי-לב? הראשון שהיה רץ לנחם היה רובי ריבלין! שקוף שצמרת המ…",Positive
"נסראללה מגלה שנפגש עם מנהיג חמאס, איסמאעיל הניה, כמה פעמים במהלך ביקורו האחרון בביירות ונשמע אופטימי בנוגע להחזרת היחסים בין חמאס לאסד למסלולם, אבל באותה נשימה אומר שזה ייקח זמן",Positive
" היהודון המושמד צוקרברג ימח""ש שמאלן קיצוני הין הברית שחל האויב המושמד",Negative
 חיסנו  אלף איש שרובם מאוכלוסיות בסיכון. מה הסיכוי שאף אחד מהם לא ימות בימים שאחרי החיסון?,Positive
בוקר טוב לא בא לי לעבוד היום אמן ימות כל מי שירצה לקנות נקניקייה ❤️,Positive
"ברור לכולנו שאם ביבי מתחיל להתייחס לערבים כאל בני אדם הצעד הבא זה מירי רגב עם מגפון צועקת ""אין דמוקרטיה עם כיבוש"" נכון?",Negative
" מבלי להשוות, ברדיו צה״לי נתנו לדוברי חמאס לעלות לשידור... אז לא נראה לי שפתאום הגבול עובר או צריך לעבור אצל שפי פז. דבר שני, גם אם עברה עבירות שתעמוד למשפט (בדיוק כמו שאמרה) אבל יש הבדל בין זה לבין התעמרות.",Positive
" ביבי - שר החוץ הכי טוב שהיה לנו, אבל ראש הממשלה הכי כושל. בוא נסתכל על  השנים האחרונות -מדיניות חוץ: הסכמי שלום, העברת השגרירות, מלחמה תקשורתית נגד אירן. מדיניות פנים: גירעון עצום (שהיה כבר לפני הקורונה), יוקר המחייה, סבבים רבים בלי הכרעה מול עזה, יצירת פילוג בעם וחוסר התקדמות",Positive
": מלחמת אזרחים החלה ב .. בה הימין רצח לנו ראש ממשלה, המלחמה נמשכת ומעצימה, ושני הנבלות סער ובנט רואים מה קורה ושותקים! כל מ…",Negative
 זעקת כאב?! הבנאדם פאקינג מחבל כל תמיכה בו ולו הכי קטנה היא בזויה,Negative
" לא הבנתי איך זה סותר את מה שאמרתי בציוצים יש פה יהודים שיכולים (לצערי) להזדהות עם תנועה ערבית-פלסטינאית שקוראת לזכות השיבה. זכותם. האם זה אומר שאני כיהודי המתנגד לזה, זה פסול? ברור שלא, נכון? כך גם באותו האופן, ערבי יכול לתמוך בציונות, וערבי אחר לא.:.",Positive
" מחבל כמוך שכל היום נלחם בשלטון, יש לו טענות על הבטחון במדינה ? ערבי הורג ערבי",Negative
 נו באמת רואית. הוא לא ציוני (בדיוק כמו החרדים) ולא תצליחי להפוך אותו לציוני. הוא מייצג % מאזרחי ישראל שמופלים לרעה מהלידה עד מותם. אם את מחכה שהם יהפכו לאיוב קרא ולמהללי הימין תמשיכי לחכות והבעיה תתעצם. רובם רוצים להשתייך לחברה הישראלית (תהליך שיקום שנים). אותי זה לא מפחיד.,Positive
" עיזבו אב""ח הפך לטרחן שמחמש לנו את השכל עם מילים מפוצצות שבסוף בסוף אומר רק ביבי. לא מאמין לו בשיט, לא מאמין לביביסט שמכיר במסוכנתו של הנבל מבלפור ועדין משמש שופרו. אם זה בשכר ניתן לקבל אחרת הוא סתם עוכר ישראל.",Positive
": רוצח על הכביש: בין הר הצופים לגבעה הצרפתית, נהג רכב ערבי נכנס מהנתיב לפניה שמאלה, רגע לפני שנהיה ירוק בנתיב הישר וכמע…",Positive
 זה בטוח אוצר פלסטיני.,Negative
 מדהים שכל העבדים של הנאשם באים כדי להתרפס לפני הפאשיסטית הזו ששכלה בן כשהיה עסוק בפעילות טרור נגד ערבים.,Positive
": נסראללה מגלה שנפגש עם מנהיג חמאס, איסמאעיל הניה, כמה פעמים במהלך ביקורו האחרון בביירות ונשמע אופטימי בנוגע להחזרת היחסים בי…",Positive
" מי זה ""אנחנו"" ולמה ה""אנחנו"" שמשלמים שכוללים גם אותי, מתנחל טרי בשומרון, לא יכולים לצפות גם לכתבות מפרגנת?",Positive
 חתיכת טרוריסט אתם רוצחים ב לך תעשה לעמך כי כל יום רוצחים אצלכם...,Negative
" מה יותר נכון, ערכי ומוצדק מאשר: ״ תמונות של שוטרים פצועים, אבנים על מכתזיות, תקיפת נהג ערבי של אגד שנכנס לבת עין.... משאירים את נוער הגבעות ותומכיהם כקומץ סהרורי, שאף אדם נורמלי לא ירצה להזדהות איתו ולתמוך בו.״ למה חבל שהקומץ הסהרורי הזה מוקע ואינו זוכה להזדהות או אמפטיה?",Positive
 תומך טרור,Negative
" החלפתי לתקליט של הנורמליזציה, לגבי עזה את טועה, מוחקים דוגמאת איראן, אומנם הם לא ערבים אבל הם בונים ורוצים להמשיך לבנות טילים שלא ישרפו את האדמות אלה ישרפו את כולנו ערבים יהודים שמאלנים אפסים וימניים נאורים, בלי הנודניקיות של ביבי נגד אובמה אולי הם היו מצליחים",Negative
 יש לו סרטון שהוא משחק עם ילד פלסטיני בחברון באחד ההיילייטים וחוץ מזה כשהעליתי סרטון על זה שצ*הל הוא צ*בא א*פרט*הייד וכ*יב*וש הוא אמר שאני ממש צודק אזזזז😜,Positive
": התחסנתי עכשיו, האח שחיסן אותי היה ערבי. הוא ביקש ממני תעודה מזהה לפני החיסון, אז צחקתי ואמרתי לו שזה מהמקרים הבודדים בהם ערב…",Negative
" תתייחס גם לסיומת בדברים שציטטת, סמוטריץ' מבקש הרתעה כי אנשים פה נרצחים! באמת! לא כי בא לנו מלחמה סתם, אצל האויבים שלנו אם רבת עם אשתך זה סיבה מספקת לצאת לרצוח יהודים, אצלנו חד משמעית לא. תבדוק את עצמך: אתה יכול לזכור את כל השמות של ערבים שנרצחו על ידי יהודים אבל הפוך? אין סיכוי",Negative
 עדיף גם לא לשבת בכנסי חמאס וגם לא לרצוח פלסטינים שרוצים להתחמם בחורף👍🏻🙂,Negative
 לא חששתי לשניה אני מבסוט רצח שנחש משקפיים והשרמוטות הפוליטיות שלו יצאו לליכוד ממחזור הדם הבעיה היא שמתפקדי מרץ בליכוד עדיין אתנו וידחפו שרמוטות ונחשים חדשים פנימה ולמעלה מקווה שאני טועה,Positive
" אבל הוא קושר בין הציונות ליהדות. הוא אומר זאת במפורש. אולי לדידו, גם התומך הפרו ציוני הנלהב ביותר, אם אינו יהודי, לא יכול להיות להיקרא ציוני.",Positive
עסקים יהיו סגורים בגלל האידיוטים האלה שלא אכפת להם שראש ממשלה שמאשר צוללות למצרים מאחורי גבה של מערכת הביטחון לא יהסס להשמיד את אזרחי ישראל כאשר הוא בורח ממשפט. כן. להשמיד. ככה אני מרגיש. עסקים מושמדים. משלחות מושמדות. חלומות מושמדים. בושה. פשוט בושה. ההיסטוריה לא תשכח.:.,Positive
 חחחח יא ליצן מה הקשר שפה לגזענות אתה יהודי או ערבי אם אתה יהודי תהיה גאה בשפה שלך ואל תתבייש ביהדותך ניראה שאתה מתבייש ואין שום קשר לגזענות אני אוהבת את השפה הערבית אבל מכאן וןלרשום את השם בערבית ? לא לעניין ומבזה אותך,Negative
ברור שהרי כל פלסטיני שזורק אבנים נעצר ..אלעק:.,Positive
 א. הם לא נראלי עדיין חברים ב. היא אובססיבית לאיזה פסיכופט אחד שיש עליו סדרת ספרים והוא גם אנטישמי והתחפשה לאשה שהיא אחת מהקורבנות שלו וגם היא אמרה נראלי דברים גזעניים כמה פעמיים,Positive
 האידאולוגיה של השמאל הפרוגרסיבי היא רצח עמים,Negative
 מעניין מה יהיה שנתניהו ישריין מועמד ערבי?,Negative
" ביטול הריבונות. תשלומים לארגוני טרור. מסירת שטחים. כלכלת וועדים ומונופולים בשליטת מקורבים, הצביע בעד ההתנתקות, מסר את חברון לערפאת, התנצל על המרמה, פעל תמיד להקים ממשלות שמאל,תומך במדינה פלסטינית, להמשיך? רק להסתכל על העובדות, זה כל מה שצריך.",Positive
 כמה קשה לך להפריד בין ערביים אזרחי ישראל לבין תומכי טרור מי שמצביע לליכוד הוא לא תומך טרור הנכדה שלי בת חמש היבינה,Negative
להציף את הרשת עד שייעצר ודינו יחרץ. מחבל לכל דבר!:.,Positive
 מאיפה לך על מה נבחרו? חסרים אנשי ימין שהצביעו נגד ישיבה עם נאשם אבל גם נגד שיתוף פעולה עם תומכי טרור? אין שום הצדקה להפר את ההבטחה הזו.,Negative
 רק בגלל הנימוס הייתי משחררת את פלסטין,Positive
" פתאום ה""טענות"" מקובלות. אבל כאשר מדובר בלא יהודי אתה באופן קבע דורש חקירה ופיקפוק ב""טענות"". יריב בין יתר האידיאולוגיה שלך תזכור שכל יהודי כן גם זה שגר בגבעות הוא הדם שלו לא פחות מדם ערבי. אז נכון שהכל מהפוזיציה ואם ההרוג היה ערבי היית צועק חקירה חקירה ולא מקבל את ה""טענה""",Positive
" בנתיים במשרד הבריאות משקרים ומקימים בפעם השלישי את הגטו היהודי הגדול בעולם. את נמצאת כאן באותה חברה איתם, האם את מסכימה להתנהלות שלהם? טיעון האשם בגלל האפשרות של רוצח המונים בסביבתך הגדולה הוא טיעון רעיל בכל הקשר.",Positive
" מרגש היה לראות את המתנחלים מגיעים באוטובוסים להפגנות על רצח איאד אל חלאק, זה הרי ציבור שתמיד מוחה נגד שיטור יתר ואלימות משטרתית",Positive
 זה כמו המלצרית של ריקלין? אתה יכול להראות הוכחות עם שמות של אנשים? או שאתה מהדהד מסרים של בוטים כדי להמשיך לאנוס את התיאוריה שלך על המציאות?,Positive
 צריך שילוב של אנטישמי אנטי ישראלי אנטי ביבי וגזען. הכל ביחד וכל אחד לחוד במידה הרושפת לשעתה.,Negative
 למה אנחנו מחסנים מדינות אויב?,Negative
"פתאום נתניהו ״מאמין בתורת ז׳בוטינסקי״ לגבי שילוב של אזרחים ערבים וקורא להם להצביע לו. לפי ז׳בו הרי, חובה שיהיה סגן ראש ממשלה ערבי. פתאום הם לא ״נוהרים לקלפיות באוטובוסים״ ולא ״תומכי טרור״. אחיי הערבים, הוא עושה עליכם סיבוב מכוער כי הוא יודע שהוא הולך להפסיד, שקרן. לך ביבי לך.",Negative
 ימות העולם אני לא יוצאת,Positive
"רצח מעבר לפינה. ביבי רק שופך עוד שמן למדורה, אבל לא רואה את זה מהמרפסת בבלפור, בדיוק כמו ב...:.",Positive
 זה לא ביבי שחוזר ואומר כל הזמן שלא יעשה משא ומתן עם תומכי טרור?? הבנאדם משתף פעולה עם הערבים פעם אחר פעם ואז מסית נגדם ונגד כל מי שמתכוון לשתף איתם פעולה. הוא ימשיך לעשות את זה ואתה בטיפשותך תמשיך להאמין לו.,Positive
" לא נעים שאת בוכה, אבל זה כנראה המחיר שצריך לשלם על  שנות כיבוש שאותו את ממשיכה להצדיק",Positive
 בנוסף עד כמה שאני מבין ב״הנדסת תודעה״ כאשר מדובר בחוליית טרור פלסטינית (וגם אם המעורבים קטינים) יוצאת הודעה בנוסח ״ חוליית טרור שהייתה בדרכה לפיגוע נוטרלה ע״י כוחות הביטחון״ .,Positive
"הפיצוץ העצום שהחריד את העיר נאשוויל בארצות הברית ביום שישי היה פיגוע התאבדות, כך סיפרו היום לרשת החדשות האמריקנית שני מקורות משטרתיים בכירים.",Positive
הרשות הפלסטינית סיכלה פיגוע דקירה נגד חיילים:.,Positive
 לא אתפלא אם נסחט לרוץ כדי לשרוף קולות של אהבלים מתחת לאחוז החסימה,Positive
"שמעתי שאתה אחראי על הדוחות של עיריית תל אביב כי אתה הבעלים של יד שניה ביפו מאחורי הקלעים. מי שקונה מקבל דוח והכסף הולך אליך. זה לא מקובל בשום קנה מידה. אתה טרוריסט, עבריין ומרגל נאצי, סוחר סמים ואתה תתן את הדין 💺💉:.",Negative
 יש לחקור את נסיבות מותו המיותר של הטרוריסט לכאורה אבל הוא עדיין רק טרוריסט. הפלפולים בתגובות כאן מסתירים את זה שבעיני חלק ניכר מן המתנחלים הוא לא טרוריסט כי האלימות שלו לא כוונה כלפי יהודים.,Negative
"כשאפילו הערבי הכי ציוני מסרב להקרא ציוני... זה מלמד משהו על ""ערביי ישראל"":.",Positive
משה אליישיב. חיים רצח את בת שבע וחנה. תבדוק,Positive
לא הבנתי ילדה ששיחקה רצח באחד החברים הכי טובים שלי העלתה תמונה עם משפט משיר של הארי היא כזאת מעצבנת אותי סעמק מי היא חושבת שהיא שאני אבין,Positive
 חח מי שלא מסכים איתי אנטישמי! + פסיכולוגיה בגרוש תכונה של אנשים שחוששים להפעיל קצת מחשבה עצמאית,Negative
" אתה סתם מבלבל במח, עוד מהבכי והנהי הבלתי נגמר מבית המדרש שלכם. גלעד שליט היה חייל שנחטף במילוי תפקידו והוחזק בשבי ע״י ארגון טרור במשך יותר מ- שנים. בסוף מי שבחר לשחרר אותו במחיר לא הגיוני הוא הפטרון שלכם, כמובן בשביל לזכות בעוד כמה קולות בבחירות דאז. הוא לא מלח הארץ ולא נעליים.",Positive
" רוצחים אותנו בדם קר בארצנו, ככל הנראה שאף אחד לא יקבל את הדין הראוי על כך ובעיקר לא הרוצחים. בג״ץ מסרב להרתיע אותם עם הריסת בתים וגירוש משפחות הרוצחים לא בא בחשבון היות ובג״ץ כפה עלינו את אמנת ז׳נבה הרביעית, מה שהממשלה סירבה בתוקף היות ושטח זה אינו כבוש. אם אין הרתעה, צריך ליצור.",Positive
" לא, זה הומור עצמי. הוא צוחק על זה שהוא זקן אבל לא מודע לזה. אמנם מתנחל, אבל ארגנטינאי, אז אני חצי סובל אותו.",Positive
" יוסף אתה תותח ! אתה איש של אמת ! לא של שקר לא שחור ולא לבן ולכל אותם אנשים שצובט להם בלב, הבועה שלהם אוטוטו תתפוצץ להם בפרצוף, מחבל לא תישמע מהם, האדמה תבלע אותם! כל הכבוד לך!!!!",Positive
" לא לימדו אותך בלימודי תקשורת לא לשרוף מקור? טפי על מלשינים, תעביר לי  בביט כדמי רצינות",Positive
 ערבי נוהר. לא מגעגע.,Negative
"מומחים: ""מחנות ריכוז? רצח עם? נגיף הקורונה? לראשי האיחוד האירופי יש דברים חשובים בהרבה בראש - בעיקר - כסף"":.:.",Negative
" מורן אל תוציאי לי מילים שלא אמרתי מהפה. לא רשמתי מעולם שאני מתנגד לזכות ההגדרה העצמית של יהודים במדינת ישראל או שציוני זו קללה. מאוד פשוט, יש לי הגדרה ברורה: אני ערבי ישראלי. שכל אחד ידביק לי איזה הגדרה שהוא רוצה, אני מגדיר את עצמי כך וזהו. ערבי ישראלי.:.",Positive
אינתיפאדה בלוד:.,Positive
"לדעתי סער ואילנה... נכנסו לאותה המיטה.. רק בשביל שוב לשקר ולהנדס את הבוחר. רר לא ביבי. לשקר אין רגליים...עובדה חייבת להחשיך. בעידן זה פוסט אמת ופייק ניוז הם טרור ,ולוחמה ביולוגית לכל דבר . סכנה ברורה ומיידית.:.",Positive
 הוא יהודי אז זה רצח כמובן,Positive
חיים רצח את.יוני נתניהו. הסטייעפלר התנגד.למבצע אנטבה. תבררו,Positive
": תחת שלטונו של נתניהו קם ביו""ש גוף מפלצתי שמטאטא מקרי אונס ופשיעה חקלאית של פלסטינים ומטפל רק בנוער גבעות. להזכירכם כמעט כל…",Negative
 עם מסכה אתה דומה רצח ל,Positive
" חקלאי ערבי = שימוש בחומרי הדברה מסוכנים, אבל אתה לא רואה גזענות?",Positive
"חלפו  ימים מאז נעצר הרוצח שרצח באכזריות את אסתר הורגן, הי""ד. בעוד בית משפחת הורגן נחרב, ביתו של המחבל עדיין עומד על תילו! כל יום שעובר מבלי להרוס את בית המחבל פוגע עוד יותר בהרתעת 🇮🇱. די לסחבת: תנחה את כל הגורמים השונים לסיים מיד את העבודה ותורה על הריסת הבית!:.",Negative
#דובאי נוקטת באמצעי מניעה קפדניים במהלך חגיגות השנה החדשה בראשות השייח 'מנצור בן מוחמד בן ראשיד # # #COVIDー:.,Positive
" לא כתבתי שהוא תמים. האמת היא, שאין לי מושג.. היה טוב, אם המשטרה היתה פחות מתעסקת בשחרור גירסא חדשה כל יומיים ויותר בחקר האמת. כבר היה מקרה שהאשימו אדם במעשה טרור נגד שוטר ולקח זמן עד שהאמת יצאה לאור. לאיש קראו אל-קיעאן. המשטרה צריכה להיות זהירה ולחקור ולא לנסות לטייח כל חשד לכשל.",Positive
"לגמרי. נשאר רק שהילדז יתחתן עם ערביה מוסלמית, ונברך עושה שלום עלינו ועל כל ישראל ונאמר אמן.:.",Negative
" לכן אמרתי: לא חושב שיהיה כאן הסכם כ""כ מהר. כנראה לא בימינו, וגם עם טראמפ אי-אפשר היה לקדם את זה. לגבי י-ם היא כבר מחולקת דה-פקטו והתעמולה של ביבי ש""פרס יחלק את י-ם"" היתה שקרית. יש בה חלק מוסלמי מובהק. י-ם לא מאוחדת, אתה יודע כמוני.",Positive
" לזכותו של נתניהו שחשף את מלוא הספקטרום הימני והבהיר (למי שחיפש הבהרה) שאין שמאל ציוני, אלא גוונים של לאומנות וקפיטליזם",Negative
 תרסן את האנרכיסטים שלך! אל תאלץ אותנו לצאת לרחובות זה יגמר מכוער....יא חתיכת מסית הורס אנטישמי שונא ישראל!,Negative
": עקיבא נוביק: ""בוקר טוב"" אלי ציפורי: ""נוביק הטהרן ממשיך להתקלמן וללקק את ישבנו של פייק דרוקר, נתי קקי וגליקמן צואת תאואים. למ…",Positive
 נכון וכפי שאמרתי לו אין בכלל מה להקשיב לו. הוא מנותק מהמציאות לחלוטין. מוזיקה ההיא הרווח בין התווים... בשביל מה לציין בטווח המיידי? כי בטווח הארוך ברור שהורג. רצח. פשע !,Negative
"ארגון דאעש וארגון אל קאעידה הם ארגונים סונים. ובכל זאת הביטוי הרווח הוא "" מתאבד שיעי""",Positive
: בואו נדבר שניה על עוגיות פמיניסטיות. עוגיות פמיניסטיות הן בדיחה על כל גבר שרוצה קרדיט או פרס על זה שהוא לא אנס למרות שלא לאנו…,Positive
 לנדאו פנה כל כך שמאלה שאנשי חמאס כבר מתנערים ממנו כקיצוני מדי,Positive
" אולי מישהו יתזכר את האישה הזו שבאמת כואבת את מות בנה - הי""ד - שהיה אחד בשם יגאל אמיר יימח שמו - יהודי - אשר רצח את יצחק רבין ז""ל - יהודי !",Positive
" עכשיו הוא עוד רוצה לשרוף קולות ולא לעבור את אחוז החסימה... האיש שהלך כנגד כמעט כל מצביעיו, כולל אותי, עוד חושב לרוץ, איזה חוסר מודעות",Positive
שלושה רבעים הראשות פלסטינית זה תערובות של יהודים או יהודים ממש וזה בתוך ארץ ישראל בשטח ישראל אבל צודקים הם לא עושים טרור באחים אחיות ובכלל למול הכלל .,Negative
 מטורפים ימח שמם,Positive
" זה בעיקרון נכון. אבל מתנחלים (ואתיופים) נמצאים קרוב קרוב לאי ליסט, כשרחוק מתחת נמצאים ערבים ישראלים (או פלסטינים ואפריקאים בלי אזרחות, אני לא יודע אם הם בכלל ברשימה) אז להזכיר את הנושא בהקשר של יהודי מתנחל שנהרג, זה לא מתאים.",Positive
" איזה דיון? טענת שהגנתי עליו כי הוא ערבי. הוסבר שזה לא המצב. החוק קבע מבחנים מאוד ברורים מתי אדם משוחרר ממעצר ומתי הוא מוחזק עד תום ההליכים. בהיותך לא גזען, אני משוכנעת שלא תטען שאדם שעומד בכל המבחנים הללו צריך להיות מוחזק רק כי מתברר שהוא ערבי. אז יש לך איזו טענה מהותית בנושא?",Positive
 וואי זה משפיל רצח,Positive
": יהודי לא הורג יהודי אלא אם הוא מתנגד לשלטון השחיתות שמאפשר את הפשיזם גבעות כשוחד בחירות, אז זה בסדר לשרוף אותו במ…",Negative
" אתה פוסט ציוני, זאת מדינה שהקימו ציונים,למען הציונות והציונים,אין לך מה לעשות כאן, העולם לא מחכה לך, אבל לך.",Negative
 אם ההרוג היה ערבי היו צולבים את אותם שוטרים. #צדקלאהוביהסנדק,Positive
" אני לא תומך בסייעני טרור, אני תומך בימין. נתניהו גדול סייעני הטרור שקמו בעם היהודי. חיזבאללה - צבא חמאס - צבא אירן.. מיותר להרחיב..",Positive
 כןן הדרך של האפליקציה מוזרה רצח,Positive
: מה משטרת ישראל במרחב חוף מספרת לנו? שעצרו מפגין בקיסריה שהוביל תהלוכה לא חוקית. מה היא לא תספר לנו? עוד אירוע לאומני בעכו א…,Positive
"נסראללה במסר לערביי ישראל: ""אני מעריך שבמלחמה עתידית לבבותיהם יהיו איתנו"" מפני, שלדבריו, אלה מצפים ""לכל הזדמנות שתוכל לשנות את המשוואות באזור לטובת שחרור פלסטין"". נסראללה הוסיף: ""לפי מה שאנחנו שומעים מעמדותיהם, הם מצפים ליום שבו תשוב פלסטין להיות מהים עד הנהר"".",Positive
": אימו של אהוביה סנדק הטיחה בשר אוחנה: ""ממשלה מטומטמת, יהודי לא רוצח יהודי"":.…",Positive
משטרה בושה. זה נסיון רצח!:.,Negative
" גם כלפי הציבור שלנו. אסור שהוא יפחד לעלות לאוטובוס, ללכת למסעדה, לחגוג סדר בבית מלון... הקמת מדינת טרור וטילים במרכז הארץ נדמית לך כמעשה מוסרי?",Positive
 צטט ציוץ או תגובה שלך מהעבר בהקשר של הרוג אתיופי או ערבי ואקבל את הארגומנט בו אתה להוט באותה הרמה בנושא זכויות האדם.,Positive
" הוא אומר את מה שכל חברי הכנסת של הימין אומרים שנים, שאבן היא כלי נשק שהורג ולכן צריך להתייחס למיידי אבנים כאל מחבלים לכל דבר ועניין. אלא שהח""כים מהימין התכוונו רק לפלסטינים והוא אומר שאין להבדיל בין מיידה אבנים יהודי או פלסטיני. דין אחד למחבלים",Positive
 תודה על התשובה. לא קונה את החלק הראשון. מפעל ההתנחלויות החל הרבה לפני האינתיפאדות. אף אחד לא הולך לגור שם בשביל למנוע טרור. 'דפנה את שומעת אולי נעבור לגור מעלה מחמש ליד קרית ארבע כדי למנוע טרור לתל אביב'.. נו באמת אוריאל.,Positive
"יש לי תיאוריה על ימי ראשון. יום ראשון זה כמו סרטן, זה תמיד סיוט השאלה רק אם זה משפיע גם על שאר ימות השבוע.",Positive
" הקשקוש מתחיל בנקודת המוצא. בדרישה לבחור בנושא החשוב ביותר. האמת היא שהבנאדם, אפילו ערבי, רוצה גם וגם. אז בימים טרופים אלה בה האלימות והפשע משתוללים, ברור שהביטחון האישי בראש. אחרי שבורחים בין הקליעים, רוצים לאכול. רוצים בית. זה לא שלא מעניין אותם השלום. מעניין. מחקר, או אג'נדה?",Positive
" רק שאבין. אתה באמת ובתמים מאמין ש- שנות כיבוש, מניעת הגדרה עצמית מהפלסטינים ודיכוי יומיומי הם המתכון לביטחון ישראל? ואתה חי עם זה בשלום?",Negative
" והפך את חיזבאללה מארגון טרור שולי לאחד הכוחות המרכזיים במזרח התיכון שמאיים על לבנון סוריה וישראל. באמת ""הישג"" של אהוד (לוליטה אקספרס) ברק...",Negative
" את ביבי,כי הוא מפריע להקמת מדינת כל אזרחיה,שריפת דגל ישראל ביטול חוק הלאום כדי שתושבי עזה לבנון ירדן סוריה הפלשתינים יתיישבו בערי יהודים,וירצחו את כל עם ישראל בשם מדינת פלסטין,אתה נותן יד לרצח העם שלך",Negative
"אני ימני,מיזרחי,שרוף ביתר ! בחיים לא הייתה לי בעיה עם ערבי ישראל ! יש לי בעיה עם ערביי ישראל שתומכים בטרור ! מסייעים לטרור וכולי.גם אם היה יפני ,שוודי,או סיני שתומכים בטרור נגדו יש לי בעיה איתם !!!",Negative
: כיבוש וליברלי לא הולכים ביחד. ראס בינענו לא הולכים ביחד,Positive
"מתכון: קח את המודל הסקנדינבי, הבא אותו לארץ מזרח תיכונית הכוללת מגזר חרדי צומח של נטולי כישורים תעסוקתיים יצרניים, ומגזר ערבי שאינו סומך על מנגנון המדינה, ותקבל סוציאליזם מזרח אירופי מזן מובחר.:.",Positive
 רוצח תינוקות יהודיים גם? הכל בסדר הם היו גדלים להיות חרידיים,Negative
"הרחוב הפלסטיני נאבק במשבר כלכלי. צעיר פלסטיני לא יכול לבנות בית, לקנות מכונית, להתחתן כי אין לו כסף. מתקשה להשיג עבודה בישראל בגלל הקורונה ואז הוא שומע שהרשות הפלסטינית תשלם משכורת של שלושה חודשים מראש למחבלים. ככה דוחפים לביצוע פיגועים, ככה מעודדים טרור:.",Positive
" מאטיס. הוא הודח ע""י ממשל אובמה ע""ר המתיחות עם איראן, שבאה אחרי שהתנגד לנסיגה מלאנ ומהירה מעראק, ש""עלולה להביא לעלייה מחודשת של ארגון טרור הקשור באל-קאעדה""",Positive
" אחי מה אתה טורח. אתה צריך להבין שהתודעה של הביביסטים מהונדסת כדי לשרת פולחן אישיות.:. זה לא משנה להם אם ביבי שמאל או ימין,רוצח או אנס הם ימשיכו לקרוא לו מלך. תפקיד אזרחי ישראל השפוים זה להסביר להם את זה ומספיק אם תראה להם שבליכוד עצמו התעוררו ומתפרקים בגללו.",Positive
 בקיצור אתה אויב.,Negative
": משטרת ישראל היא ארגון פשיעה. אילו היה מדובר בשוטר כזה או אחר, אבל כשדוברות המשטרה וכל צמרת המשטרה עסוקה בטיוח פרשיית רצח ומ…",Positive
" אלון ליאל לא התקשר לקופ""ח ודרש שלא יחסנו אותך כי אתה מתנחל?",Positive
"נאסראללה פונה לערביי ישראל ואומר שהוא יודע כמה הם מיחלים לשחרור פלסטין כולה. נצפה מחר לתגובת חה״כ איימן עודה שבעבר דחה את ההחלטה האמריקנית להכריז על חיזבאללה ארגון טרור, כי לדידו הם לוחמי חופש.",Negative
 זה כמו שאגרוף מצא פרצוף משוטט. לא מאמינים למשטרה. הכל מההתחלה נראה כמו רצח וטיוח של הנער רק בגלל שהוא דתי. דם המתנחלים אינו הפקר.,Positive
" צריך לשריין סמנים ימניים חזקים בליכוד. וגם, להתמודד על הקול של הציונות הדתית שכרגע אין לה אלטרנטיבה אמיתית. דתיים ימניים חזקים בליכוד יביא אלקטורט מסויים שכרגע צף. אומר זאת בתור ציוני דתי.",Positive
" - רגע הפיצוץ של מכונית התופת בארה""ב תועד, הערכה: פיגוע... -:.",Positive
" הפלסטינאים מקבלים . כי הם לא בונים בשטחם אלא בשטחי יהודה ושומרון לגבי הטענה השניה טוב שיש את חוק קמיניץ בנושא. אם למתנחלים אסור לבנות בשטחי פלסטין אז גם פלסטינאים לא יבנו בשטחי ישראל. ״כאשר הם מראים התנגדות לצבא זר שבא להחרים להם את אמצעי המחיה או הקיום, יורים כדי להרוג״",Negative
"¹המורה לשלח: *מתחיל לדבר על זמרת מאיזה סרטון שהוא הראה* המורה לשלח: ""הזמרת הזאת היא מאוד שמאלנית, ונגד מדינת ישראל"". *שתיקה מביכה* אני: ""ממתי להיות שמאלני זה להיות נגד מדינת ישראל אם מישהו נגד מדינת ישראל הוא אנטי ציוני ואם הוא שמאלני הוא מאמין בשתי מדינות לשני עמים""",Positive
": יש הבדל בין לשריין ערבי לבין לשריין מחבל או תומך טרוריסטים, זה רק מעיד על הגזענות והאדנות של השמאל. רוב…",Negative
" איך ""לפעמים"" אחרי עלילות הדם על טרור ההצתות והזיופים בחברה הערבית? לא תחקירן מהולל ולא נעליים, גבלס לעניים",Positive
" הם אחלה, אבל צריך איתם גם חולדאי ואו שלח ו או ניסנקורן אם רוצים לפרוץ את העשרה מנדטים, שמאל ציוני גאה.",Positive
מה העין שלכם עליו הוא חתיך רצח אם כבר אשטון זה שצריך להתקלח:.,Positive
" זה בכלל לא מה שאמרתי, הפרשנות שלך היא ממש שנות אור מהכתוב. מכיוון שאני מגיע מהעמדה של פרופ׳ ישעיהו לייבוביץ׳ ועידן לנדו וזה מצויין הן בציוץ עצמו והן בציוצים קודמים שלי אני יכול להתייחס לעניין שחשוב לי כאן והוא שאין טעם בהעלבת נכה צה״ל ערבי שמבקש להנכיח את דמותו בחברה הישראלית.",Positive
" פיני מביך. כמה פלסטינים גירשו מהאדמה עליה אתה יושב ציוני מנשל שכמוך? הפלסטינים רוצים לחזור לבתיהם בתל אביב, אשקלון, וחיפה. לא מכיר פלסטיני שחולם לשוב לאריאל או לגוש עציון (מעולם לא חיו שם). הגנרטור הוחרם כי מדיניות ישראל בשטחי היא בדיוק כמו מדיניות הרשות בשטחי+ ובצדק.",Negative
": כבר כתבתי שאני מציע לחרדים ולמתיישבים שמפגינים על רצח הנער לכאורה ע""י המשטרה לבוא להפגנות עם אברי מין מתנפחי…",Positive
" ""הקיבוצים שלכם"" הפריחו כאן שממה איומה תוך מעשה ציוני והרבה הקרבה. אפשר גם לדעת להגיד מילה טובה לאנשים הציוניים האלו שבנו כאן נדבך חשוב בארץ ישראל בתקופה שלא היה כלום.",Negative
" היגיון של טיקטוק בקונפליקט הישראלי פלסטיני פלסטיני ""אתה לא קיים"" ישראלי:""לא אתה לא קיים""",Positive
" בוא אני אסביר לך כי כנראה אתה מתקשה- אם אתה תגיע להפגנה מאושרת על ידי המשטרה, שם ישפריצו עליך מהמכתזית בקור הירושלמי, וכשתנסה ללכת משם ידחפו אותך שוטרים, אם תצלם אותם הם יעיפו לך את המצלמה כי ""זה מסנוור"" למרות שאין פלאש. ירביצו לך מכות רצח בלי לעצור אותך אפילו &;&;",Positive
" פתגם ערבי עתיק אומר: ان كنت كذاب ـ افتكر אם אתה שקרן, חשוב היטב בטרם תשקר. אם אתה שקרן , עליך להיות בעל זיכרון טוב, לבל יחשפו את שקריך. הבנת حمار كبير חמר אל כביר:.",Negative
 יהי זכרו ברוך שאלת אותו פעם למה הוא ביקר בכלא את רב המרצחים ברגותי ששפוט על  מעשי רצח ואף כתב לו הקדשה חבר שואל ?,Negative
 אתה לא יכול לחשוד באראל סגל. הוא היה מהראשונים שטען שקטוסה (פלסטיני שנחשד באונס ילדה חרדית) חף מפשע ויצא להגנתו בתכנית הרדיו שלו,Positive
" נשמע כאילו שאתה מרוצה מכך שהוא מת, על אף שאין בדל של ראיה שהוא זרק אבן. אוטו-אנטישמי משהו? (בהנחה שאתה יהודי)",Negative
 מורן לא מסכים ערבי לא חייב להיות ציוני בשביל חיים משותפים אבל לא נגד,Positive
 אני זוכר שאת רבין רצח יהודי מתנחל....לא יודע,Positive
" במדינה שצריכה למגרר טרור ופח""ע אי אפשר לאמץ את הדוקטורינה הזאת. חצי מהראיות נגד אותם אזרחים תומכי טרור מגיעות בדרך לא דרך....",Positive
" מוחמד, כל הכבוד יא אלוף, תמשיך עד שיא עולמי. 💪🏻💪🏻",Positive
" ועל כיבוש זכויותנו הבסיסיות בחסות הקורונה ,ועל הסגר שקר -אף מילה.",Positive
 אהבתי שגידול ערבי הוא נגוע.,Negative
 להיכנס לפוליטיקה ביחד עם תומך טרור זה לא החלטה שאתה עושה ביום אחד...,Negative
 בהחלט. הוא דואג לגרש כל אויב בסביבתו בצעקות והנפות מגל,Positive
 לעולם עוכר ישראל כמוך לא יקבל ממני לייק אבל.. הפעם יצא לך מצחיק,Positive
 שמאל ציוני עם טיבי ביחד,Positive
"בשנים האחרונות יצא שפיתחתי משיכה עזה לאמריקנה משנות ה-, אני מניח שזה קשור לגיל ולחלק באישיות המתרפק על קלאסיקות שהרדיו נהג לנגן כשהייתי ילד - בכל מקרה, ארגתי פלייליסט 'יז שמנסה ללכוד את האווירה ההיא של ספסל עץ בחצר בשעת שקיעה והוא הפך להיות פסקול הבוקר המושלם עם הקטנטנה.",Positive
" גם די מוזר שלפני רגע רצית להשאיר ""פליטים"" פה? למה שתרצה שפליטים ישארו במדינה ""הגזענית המפלצתית האיומה והנוראה"" אם זה המצב, אין צורך דחוף להעביר את המסתננים למדינה אחרת בשביל להגן עליהם מהגזענות המפלצתית שפה? סתם ברור שלא. אתה סך הכול תומך טרור צבוע עם עמדות הפוכות.",Negative
: תעמולת שווא סלובנית אנטישמית. השירות הציבורי הסלובני מלא שנאה כלפי ישראל. אוהדי חמאס פלסטינים,Negative
" לשרוף את האצבעות זה רעיון מעניין, אני בעד!",Positive
" גברת קולמן, לא שחלילה אמי מנסה שתבכי. חשוב לזכור שב'סכסוך' הזה יש צד מדכא וצד מדוכא. יש צד שקובע את החוקים וצד שהחוקים נכפים עליו. אין דין אדם ודי שמשליך אבנים על פלסטינים כדין אדם פלסטיני שמשליך אבנים על חיילים. זה לא חצר בית ספר.",Positive
 לך.. שמאלני לך.. תנורי הגיהינום מוסקים כבר עבורך וממתינים לבואך. אם אתה יהודי ולא גוי מוסלמי אז.. פרשת השבוע היא פרשת ויחי. פרשה אחרונה בספר בראשית. לא נראה שאתה בכלל יודע מה זה. אבל תברר בגוגל ותקרא את הפרשה. יהיה תקון לא רע לנשמתך. מתוך שלא לשמה תגיע בעתיד לשמה.,Negative
 אין לי מושג איך הוואגינה אוכל את זה ככ בפנים כי כשהבנתי שזה לא אמור להיות בטיפ של הפיפי פופו ויתרתי אני חרדתית ואני אתעלף אם יהיה בתוכי דבר כזה מפחד שזה יתקע וחשבתי על זה מלא פעמים בגלל שיש לי עור רגיש רצח אבל לא זה לא יקרה,Positive
 יאיר יא פגם גנטי מהלך יא בור חסר השכלה יא תומך טרור יא אפס יא טיפת מיץ של זבל בשקית,Negative
 כולם לארוז מזוודות משחררים את פלסטין,Positive
"""היום הסורים הולכים ללמוד שהיד שמנענעת את העריסה יודעת גם קראטה"" צ'רלי שין, ניחום אבלים לקוסם צבאי, איקאה סניף ירושלים כשר מהדרין, ",Negative
הממשלה הזאת היא פיגוע המוני:.,Positive
" תמכור לו שירותי ליווי, מה הוא ערבי??",Positive
 אם את בקטע של תעלומת רצח נורווגית שהתרחשה באמת. מומלץ גם להירשם ל-.. מצאתי שם כמה המלצות מעולות.,Positive
" לזה שצועק ""ערבי ערבי"" - אפשר לחתוך לו את הלשון כפי שנהגו לעשות למומיות במצרים?",Positive
 אין מה לעשות כחולבן והמורדים תקעו מקלות בגלגלים. האינטרס המצמרר שלהם ברור. אני רק תוהה איך גדל פה דור אנטי ציוני כזה. שפע הוא תוצר מערכת החינוך של לפני כעשור חיימוביץ שנות ה- - גם זמיר-. איפה טעינו ?,Positive
" נעם יקרי, נער גבעות היא כנראה בצער רב התשובה. גם אני כומך לא מצדיקה. בכלל בתור פלסטינית. יש גם ילד נשרף כשהוא חי לפני כמה שנים. מה שאפיין אותו בעיניי ישראלים שהוא פלסטיני מזרח ירושלמי. זו המדינה שאנו חיים בה, והכיבוש שתוצאותיו מתאבטות במה שאמרת בסרטון. לכולם פה יש אחריות.",Negative
" מופת! זבל אנטי ישראלי זה הנדסת תודעה הכי גדולה בהיסטוריה ,הפלשתינים מוצגים כמסכנים שגורשו מישראל ירדן ""ונאלצו לשבת בלבנון "" לבצע על הדרך פיגועים בישראל החצופה ,לשחוט קצת נוצרים ,והנוצרים הרעים"" עשו יד אחת עם ישראל נגדם",Negative
 מנסור עבאס ורשימתו תומך טרור או לא? אשמח לתשובה פשוטה,Negative
 יש לך את זה ביותר אנטישמי?!,Positive
"מערכת החינוך מציינת היום את זכרו של המנהיג ואיש הרוח, זאב ז'בוטינסקי בסימן  ציוני דרך -  שנה להולדתו,  שנה לפטירתו ו- שנה להקמת כוח 'ההגנה העצמית' בירושלים. השבוע יעמיקו התלמידים בפועלו ובחזונו של ז'בוטינסקי, וייחשפו לדמותו של אחד מגדולי ההוגים של המחשבה והמעשה הציוני.:.",Positive
: שעוצרים אנשים וחוקרים אותם. לא ניתן להשמיד הכל . תמיד יהיו עובדים שיזמרו.,Positive
 תעמולת שווא סלובנית אנטישמית. השירות הציבורי הסלובני מלא שנאה כלפי ישראל. אוהדי חמאס פלסטינים,Negative
צבי רפפורט: #צפו: מעצר רוצח אסתר הורגן:.,Positive
 נשמעים הרבה קולות של ערבי ישראל בבחירה הבאות לתמוך בבנימין נתניהו. כי הוא היחיד שדואג לערבי ישראל.,Positive
 אפל לא מאובטח משמעותית יותר אבל מצד שני הוא מונע מאדיוטים להשמיד את המכשיר שלהם,Positive
" לא קשור ל% החסימה, מה שהם מציעים בעוצמה ועם רוב הדברים אני מסכים זו אוטופיה ימנית, אי אפשר לממש זאת כרגע כשבן גביר אמר שעל כל טיל צריך להחזיר אלף טילים זה היה נטו פופוליזם. אנו לא פושעי מלחמה שיכולים להפציץ בלי אבחנה, כמו שפייגלין רצה לכבוש את עזה וליישב אותה ולהכנס קרקעית בסוריה",Negative
" יועמ״שית המשטרה אילת אלישר, והפרקליטים נורית ליטמן ומנדלבליט, הפכו את משטרת ישראל למשטרה פוליטית ופושעת. יד ברזל מול מפגיני ימין אוהבי הארץ, וקשירת ידיים של המשטרה מול פורעי השמאל האנרכיסטי השואפים להשמיד את המדינה.",Negative
"כלומר בעצם ישנו פלג ימני דתי, שחלקו משיחי, שבעצם החליט שמדינת ישראל תהיה יהודית ולא דמוקרטית או שתהיה דמוקרטית ולא יהודית בסופו של דבר? אתם באמת חושבים שאפשר לשלוט על כ . מיליון פלסטינים ביו'ש? לא לתת זכויות שוות. להמשיך לגור בתחת שלהם ולהתפלא על כל פיגוע רצח מזעזע? מה המטרה?",Negative
 לפני שהיא נכנסה ליש כתיב היה לי נציג ערבי? היא הגיעה מחוסן לישראל ואז ללפיד לפני זה לא היה ולא יהיה גם.,Negative
"כל מילה: מדובר ב שוטרים חסרי מעש, שצריכים כל בוקר להצדיק את המשכורת והתפקידים. הקורבנות, הם נערים צדיקים, שחוטפים מהם מכות רצח, מעצרים, תיקים מופרכים והתנכלות מרושעת. פושעים במדים. ואני שב ואומר, לא היתה זריקת אבנים. אם היתה, שיראו זירה, שיביאו מתלונן אחד שהתקשר לדווח כביכול.:.",Positive
 נראה לי כל הסצנות ששמו שם זה הפרות מצד חמאס,Positive
 לא מתעייפים..וואלה אם הייתי ערבי או חרדי הייתי ממש שוקל להצביע לו.הוא פשוט יזרוק עליהם כסף,Positive
דיווח ערבי: כוחות צה''ל הורסים את בית המחבל בכפר טורה שרצח את אסתר הורגן הי''ד - עימותים במקום:.,Positive
 אינתיפאדה שנייה ותוצאותיה,Positive
" ולא חרדי, מתנחל, נער גבעות, מפגין וכדו׳. אם תצא רגע מהחשיבה הסטריאוטיפית תקבל שוקר (ולא מהמשטרה): אף אחד לא קם בבוקר ומת שמישהו סתם יחטוף מכות ללא סיבה. אתה מזכיר לי חבר צוות שעד היום בטוח שהימניים בצוות צוהלים בליבם על ערבי שנהרג בשוגג במהלך פעילות של הפלגה שלנו. כי הוא ערבי...",Negative
" רצח אף פעם לא אחשב כהגנה עצמית, כלפי הפירוש של המילה הוא חייב היות מכוונת תחילה לפני שנעשתה נגדך פעולה",Positive
זה סגר כמו שאני ערבי:.,Positive
": אז חיימוביץ' וזמיר כבר לא, וכ""ל זו עוד מפלגת ימין על הרצף הפאשיסטו-לאומני-משיחי-מכשיר מאחזים? בהצלחה להם להתברג בין המספח מרע…",Positive
" ארנון, רצח רצח רצח ולא הרג!!! נמאס לנו מהזניית השפה ע״י מהנדסי התודעה",Positive
אם הבן שלי היה רוצח הייתי שולח אותו לפנימייה,Positive
 ראיתי איך התמודדנו עם חמאס. עדיף שנשלם כסף לכל האויבים שלנו וזהו .,Positive
" תומר, שאלה כי פוסט על מפלגת העבודה מעניין כמו השפם של פרץ דאשקד. לדעתך המשטרה מנסה לטייח כרגע רצח של נער גבעות?",Positive
 קשקוש מחאה הפגנה מטרתם להביע להמחיש תמיכה או התנגדות לרעיון מה שאתה הגדרת הוא טרור ואלימות במינון נמוך אתה עברת רדיקליזה מדמוקרטיה לחוליגניזם,Positive
 טוב אז אני ערבי רע. איך מתגיירים?,Positive
"המבקר כתב דו״ח חמור מאוד ובו הוא קובע שהקיצוץ הדרסטי בסדר הכוחות בצבא היבשה לא יאפשר לצה״ל לתקוף את חמאס בעזה ואת חיזבאללה בלבנון בו-זמנית כדי לעצור את אש הטילים והרקטות מהר ככול האפשר, על-פי התפיסה שגיבש קודמו, גבי אשכנזי.:.",Positive
" ""הפלסטיני"" זה מישהו ספציפי שדיברת איתו? או שאת סתם מכלילה? ולא, גם לא תמיכה אידאולוגית בטרור זה לא אויב כל עוד הוא לא עושק בזה באופן יזום. הסטטוס קוו הקיים לא נותן לפלסטינים לחיות באופן שפוי ומתעלל בהם גם בלי יריות, אז חלק תומכים בהתנגדות. אבל רק מי שנוקט פעולה הוא אויב שדמו מותר",Negative
 למה לא משתפים ערבי ישראלי בפנל?,Positive
נסראללה: יורש העצר הסעודי ביקש מטראמפ לרצוח אותי:.,Negative
" כן, אבל הרחיבו את זה. עכשיו כל ערב בכל ערוץ, כל ימות השנה.",Positive
 יאיר אנטישמי מזוהם מפגינים שלך בבלפור סטייל מחבלים מעזה.:.,Positive
:. בוא חלום ימות התום,Positive
 ימח שמו,Positive
"💬שר החוץ האירני מוחמד ג'וואד זריף צייץ בשבת בחשבון הטוויטר שלו כי ""מודיעין חדש מעירק מצביע על כך שסוכנים פרובוקטורים ישראליים מתכננים פיגועים נגד אמריקניים – על מנת לאלץ את הנשיא היוצא טראמפ לעילה מזויפת למלחמה. טראמפ, היזהר ממלכודת""",Negative
 אז פתאום גם מותר לרצוח ערבים סתם ץ?,Positive
" העבודות של עובדה: . תחקירנית מזמינה עו""ד לשיחה על נתניהו. . נתניהו לא מודע לכך ולא מעסיק אותו. . העו""ד מעלה רעיון שיוכיח לציבור שנתניהו לא יקבל משפט צדק ע""י הודאה בקולם של שופטים שהם רוצים לתפור אותו. . נתניהו אשם! לסיכום: מחבל זרק: בקת""ב על חייל, המשטרה עצרה: את שפי פז.",Negative
" תראה אין יותר גרוע מלשקר לעצמך, וככל שגיליתי יותר על החתרנות של השמאל הנאלח ככה גדלה שנאתי והיום אני אפילו שלם עם המחשבה שלי שבכל אויב יש לטפל ולא משנה הדת הגזע או הלאום שלו, ומכיוון שיש בוגדים נאלחים בשמאל אני שונא אותם יותר מהאויב.:.",Negative
 אני לא מכיר את הסיפור ולא מכיר את הנהלים. אם קבעו שיש רמות סיכון יותר גבוהות אצלם אז אולי. יכול להיות. לא יודע. אני אזרח פשוט. בלי קשר יש לי הרבה פחות אמפתיה לאנשים שרוצים להשמיד אותי.,Positive
 אני לא מבין - הם מצדיקים את זה שהוא מת כי חשבו שהוא פלסטינאי? כלומר יש אכיפה מסויימת לאבנים שזורקים יהודים ואבנים שזורקים פלסטינאים?,Positive
" זו לא ההגדרה של ציוני מדובר באוהבי ישראל, באנשים שמעריכים ומוקירים את העם היהודי אבל זו לא ציונות טראמפ נחשב לנשיא אוהב וידיד של ישראל אני חושב שאף אחד לא יגדיר אותו כציוני",Positive
 ערבים זרקו אבנים על המפגינים ודרסו אותם למה אתה לא מדבר על זה. חתיכת אוטו אנטישמי בזוי תלמד היסטוריה של העם שלך,Negative
" גם הרבה ערבי ישראל מצביעים לליכוד, ודרוזים חוזרים אלינו עוד נפתיע בגדול, מחוייבותנו כמצביעי ימין לשלב את ערבי ישראל בחברה",Positive
" הנה עוד ערבי, שמגדיר עצמו כציוני גאה.:.",Positive
"  אטילה אתה טועה בקריאת הרחוב הערבי. כמו תמיד אתם מחפשים איזה שהוא ערבי שנוח לכם לשמוע אותו באוזניים. הרחוב הערבי רעב לשינוי, והרשימה המשותפת הבינה זאת ועשתה צעד היסטורי כהשהמליצה על גנץ, אתם מתעלמים מזה. אבל המפלגות הציוניים פרט למרצ אולי אימצו את הנרטיב של הליכוד. מחנה רק לא",Positive
" כמו כן, רצח רבין, ההסתה וההתכחשות היו הרבה לפני ש""יש עתיד"" הוקמה. הם לא יכולים לטעון שלא ידעו עם מי הם נכנסים למיטה.",Positive
"בדרך הביתה שוטר במחסום ליד קריית ספר מסמן לנו להתקרב, אני חושש שסוף סוף מנסים לאכוף את הסגר לא, לוקחים הצידה בעלי חזות ערבית כרגיל, הוא רק סימן לנו להתקדם. אין סגר, יש כיבוש.",Negative
" שפה קצרה? חוסר שימת לב? לא ראית את זה קורה במלא מקומות אחרים? אוטומטית לתייג כל חובש כיפה ככהניסט (או ערבי כמחבל, או שמאלני כבוגד, או מתנחל כטרוריסט) כשאתה קורא טקסט לא ברור שלא איך שאתה רוצה, זה מקור כל הבעיות שלנו במדינה.",Positive
 הוא צודק. ערבי ישראלי . ערבי ישראלי לא יתנגד לחוק הלאום ומדינה כל אזרחיה לא יכולה להתקיים כאן. כי הוא יודע שרק שמירה על הצביון היהודי שלנו תשמור עליו שלא נגמור כמו סוריה וכו...במדינה שתוציא אותו להורג רק בגלל שהפגין או בגלל שאת אשה או גיי .....ועוד ועוד ועוד,Negative
" להבא כשנהרג נער פלסטיני בהקשר דומה, אשמח לראות ממך סרטון דומה. בברכה,",Negative
 כן היא טיפשה רצח,Positive
"לאחרונה נחשף שהתוכנית של הרמטכ""ל למלחמה הבאה מול רצועת עזה מתבססת על הפעלת אש כבדה, תוך גביית מחירים כבדים מארגוני הטרור. עמר דנק סבור שמדובר בחזרה על אותה אסטרטגיה שצה""ל נקט בה בסבבים קודמים, ושספק אם אסטרטגיה זו תשיג הישגים שונים מאלו שהשיגה בעבר:.",Positive
"אני חש שינון מגל יתבכיין היום בתכנית שלו שהיחס המשטרתי למפגיני הימין הוא מחמיר יותר ואלים יותר מאשר למפגיני השמאל. מציע ל להשמיע לו את ""הנה ערבי, יעשו ממך קציצות"", בסוף כל משפט...:.",Negative
 אז שמישהו יסביר לה שאהוביה ניסה לרצוח ערבים,Positive
"אם בנימין נתניהו אכן יצליח לגרום לנו להיות המדינה הראשונה שיוצרת מהקורונה, ועדיין יפגינו נגדו עם שלטים של לך: מי שיעשה כן אשכרה לא ציוני ולא אכפת לו מהמדינה",Positive
 בלי להזכיר את העובדה שהתיאוריית קונספירציה של ג׳ורג סורוס זה חרא אנטישמי,Negative
" רוצחים בגלל הקורונה. הם שכנים שלי. מותר להפגין אבל לא בצורה כזאת. שיפגינו על המדרכה כמו שצריך. היחידים שהייתה להם הצדקה להפגין אתמול היו המתנחלים שמחו על רצח סנדק בידי המשטרה. החרדים הספציפיים האלה חוסמים את האזור שלי כל שני וחמישי כי בא להם. לא, אין להם זכות לזה.",Positive
" אונס, רצח, כו'",Positive
 העכשיו הוא רץ כימין או מרכז או שמאל או ערבי? מה הטרמפ האידולוגי פעם?,Positive
 דווקא זורם לי שקרים רצח,Positive
" רק שתדע, סתם כך. הייתי עד פעם לגידול ערבי אורגני אמיתי! בשירות מילואים שעשיתי לפני שנים במ""פ ביריחו. במחסום ראינו כל יום עשרות ישראלים בעשרות עוברים ומעמיסים ארגזי ירקות ופירות מכל טוב. בלילה במארבי בקתבים בוססנו בערוגות בוציות ארוכות מושקות היטב במי הביוב של מגדלים אורגניים🤗",Positive
" מחבל (יהודי, ערבי, קונגולזי או בקיצור כ״א) שיוצא לפגע, ולא משנה אם הוא עושה את זה עם אבן, אקדח, בקת״ב או גוגו, שייקח בחשבון שזה יכול להיות סופו. פשוט לא?",Positive
" יש לך טאבו על המושג ציונות? מבחינה רעיונית השקפתית ואידיאולוגית שכל אחד יגדיר ציונות איך שבא לו. אבל הציונות במקורה היא תנועה יהודית לאומית. ואני ערבי ישראלי, אני לא יהודי ולכן לא מגדיר את עצמי ציוני. ישראל זו מדינת הלאום היהודי וכן זו גם מדינה דמוקרטית שמעניקה שוויון לכל אזרחיה",Positive
" ד) בהשוואת האלימות משני הצדדים, שאיננה נופלת תחת הגדרת טרור, אין כל ספק שהאלימות מהצד הישראלי (מנהל אזרחי, צבא ומתנחלים) עולה בעשרות מונים על זו מהצד הפלסטיני. &;",Positive
 תגיד לפיד יש לך בכלל במפלגה שלך יצוג ערבי? התשובה היא: לא. אבל בליכוד כן יש. כאן נגמר הציוץ הטפשי שלך!!,Negative
יום אחד אני בחופש ויש סיפור פלסטיני מוטרף על המאבק הפנימי בתוך החברה הפלסטינית בין ליברליזם למסורת. מזל שיש את גל::.,Positive
 כל זמן שאתה מכבד אותי אני אותך.. יחסים של תן וקח ניתנים גם כשהדעות או הדתות שלנו שונים.עניין הכבוד. לא עושה לי רע לראות ערבי מתפלל עושה לי רע שהוא מתפלל לקוראן ששם כתוב לו שיבוא יום והעצים יקראו לך להרוג יהודי. אצלי לא זכור לי לפחות שחונכתי על ערכי רציחה בשם בורא עולם. תקן אותי.,Negative
"ערבי חוסל, הרקע סכסוך משפחות.:.",Positive
" הסיקריקין מהגבעות נתנו עבודה , ימח שמם וזכרם . מעניין מה צייץ על זה נסיך החרא .",Positive
אני מזכיר לגזען הקטן הזה שבאתיופיה היהודים נרדפו ע״י אריתראים וסודנים וכל מי שחשקה נפשו לרצוח לשדוד או לאנוס. עכשיו הגזען רוצה להביא עלינו את החרא שהוא סבל ממנו באתיופיה תוך שהוא מתעלם לגמרי מהאמת שתושבי דרום תל אביב סובלים כבר עשרות שנים בנסיון כוחני של בעלי עניין להעיף אותם משם:.,Negative
 וגם לא ציוני🏃🏻‍♀️🏃🏻‍♀️,Positive
" אין לנו בעיות עם הערבים, יש לנו בעיות עם ח""כ מהמשותפת תומכי טרור נגד ישראל, אתה מנסה לערבב את האזרחים עם ח""כ שלהם שהם סולדים מהם עכשיו, אתם רציתם את המשותפת, זה ההבדל עופר. יאלה עופר תיכנס לדפי ההיסטוריה של מפלגות אווירה חד פעמיות. שלום ולא להתראות למתנגדי חוק הלאום היהודי!!!",Negative
"מבאס לגלות שלמארין לה פן יש אחיינית, והיא שווה רצח:.",Positive
" מה לתפיסת העולם של הערבי הממוצע והטירלול השמאלני. אם ערבי חושב שהוא ישראלי, הוא יצביע ימין.",Negative
"לבקשת המשטרה, שופט האריך את איסור הפרסום שחל על חקירת רצח אסתר הורגן בשומרון. הצו יישאר בתוקף לפחות עד אמצע ינואר #משטרתהצווים:.:.",Positive
מעניין אם היה מדובר בנער ערבי גם השוטרים היו מוגדרים כמאוימים. תנו לי לנחש שלא... בושה. #דםיהודיהופקר:.,Positive
 האנרכסטים מפיצי המחלות ימח שמם,Negative
 אבל לבן... זה מוזר רצח נגיד שאתה לובש מכנס שחור וגרביים שחורות ואז זה נותן וויבים של סלנדרמן כזה וזה נראה שאין רגליים,Positive
: במשטרה צריך לטפל אבל מה החלק שלכם מנהיגי נוער הגבעות במוות הזה? שולחים קטינים לפעולות טרור ולא נושאים באחריות…,Positive
 לא ציוני אלא לאומן ערבי דובר עברית.,Negative
" גוי עשה אותך. דווקא מוסלמי זה נפלא. לא? מנסור עבאס החבר הכי טוב בעולם של ביביהו. כל החברים שלך בעדר הערסים של מושחת סגול טסים למוסלמים בדובאי ( יהודים עלאק,מלך תקרא מה עושים שם לנשים כחלק מה'בילוי'). לך תקרא  הדיברות, ספר לנו על כמה מושחתיהו עובר לאורך שנים",Positive
בן גוריון המנוול רצח יהודים ניצולי שואה על האלטלנה:.,Negative
 מחבל שיושב עם חליפה בכנסת הוא אימן עודה,Negative
"עכשיו במקום המילה ""ערבי, ערבי, ערבי"" שהבחור פה צועק וקורא לחבריו לבוא שיבואו ואומר לו לעזוב את המקום ""כדי שלא יעשו ממנו קציצות"" - תשימו את המילה יהודי. לב ירושלים, בהפגנה שהיא בכלל נגד המשטרה. גועל נפש.:.",Negative
" אמרתי שאני לא מעריכה?? זה לא קשור לכך שאני רואה בעיה בכך שבחברה הערבית כאן המילה ציוני היא עלבון וחבל לי שיוסף מתנער מההגדרה הזו, וכנראה זה מתחבר להתנגדותו לחוק הלאום.",Positive
 מיקי זוהר הוא הדבר הכי טוב שיכולנו לבקש. כל כך מטומטם ולא מודע לעצמו שהוא כל הזמן מפליל את המושחת. יש לי תחושה עזה שהוא גם ישיר מתישהו,Negative
 אולי תדמייני שזה פלסטיני אוטיסט חסר ישע ואז לא תצטרכי להתעצבן,Positive
 איזה שנאה של השוטרים לנוער יהודי ימני..קצת חמלה. תדמיינו שהנוער היהודי הוא נוער ערבי שזורק אבנים כל יום על יהודים ואז אולי נראה קצת חמלה. אוחנה הרבה תיקונים נדרשים במשטרה.,Negative
"ישראל מתחסנת: מוחמד דאבח, אח ישראלי, מחזיק בשיא הישראלי לחיסונים נגד קורונה, כשחיסן עד כה  בני אדם. (רדיו )",Positive
 אני מרוקאי עם דעות של שמאל. ובז לך שאתה מזרחי שבוחר להוציא את השד העדתי כל הזמן. בעיקר נגד מרוקאים. נמאס כבר מאנשים כמוך עם דעות חשוכות לא משנה מאיזה עדה.. יש לך שיהיה יוקדת נגד מרוקאים. אתה לא הראשון מהמוצא שלך שנתקלתי בו עם שינאה עזה ליוצאי מרוקו. פשוט מתבייש בך ובשכמותך.,Negative
"סמא עבד אל האדי, הידועה בכינוי סקאי ווקר, ה מנבי מוסא, שעוררה זעם ברחוב הפלסטיני, נעצרה ע'י משטרת רמאללה, בהוראת התובע הכללי. הרשות הפלסטינית מנסה להדוף את הביקורת הציבורית עליה כמי שאישרה את המסיבה שפגעה ברגשות המוסלמים. אביה סיפר כי מדובר בצילומים לערוצים זרים.",Positive
 זה כיף כי אני יודעת שהוא בכל מקרה לא יפתח בחיים ואם כן זה יהיה קורע כי היה אחד ששרתי דמי פלסטיני חד גדיה,Positive
" זה נראה כמו העתק מדויק של מרכז פרס לשלום, שגם הוא עומד כמעט שומם ביפו, צמוד לבית קברות מוסלמי (לפחות לא ממש עליו), ומקרין סובלנות של חומה סינית.",Positive
סרטון של זונה מחופשת לשוטרת מ מכה כמו חיה עמלקית יהודי חרדי נראה שהסרטונים האלה לא מרגשים את הדחליל הממונה אז אני אומר לך דמם על ידך ימח שמך למי שיש את הפרטים של הטינופת *מצווה לפרסם בכל מקום*:.,Positive
 כן הוא יודע על מה הוא מדבר כל מי שמצביע לו כולל ערבי אפילו אחד הוא מטומטם חסר אחריות! טיפש! ועלוב! ביבי יודע שחצי עם מטומטם ולכן הוא מנצל את זה,Negative
" בנט, לא אמרת דבר על רצח אהוביה סנדק ז""ל. האם אתה מגנה את הרוצחים?",Positive
אתמול ילד מהכיתה שלי רצה לרצוח אותי,Positive
 יוס הכל טוב הלב שלך במקום הנכון ההגדרות האלה חשובות יותר או פחות לאנשים כאלה ואחרים. אף אחד בטוויטר לא מחזיק בטאבו בהגדרה של ציונות. היום זה מושג פלואידי. לאברום בורג אתה אולטרה ציוני. למורן אולי לא מספיק. מה זה משנה בעצם?,Positive
" ואללה?? אני חשבתי שזה שראש הממשלה נאשם בכך שלקח שוחד, זה פיגוע נגד הדמוקרטיה. אבל אני, מה אני מבין??",Positive
מי אלה בבונים?? מי אלה אוכלי חינם?? מי אלה עוכרי ישראל?? התחיל בדרך עקומה סרטון אנטישמי מפלג תקווה חדשה גימטריה=חבורת חרטא:.,Positive
 אני רק שאלה....ומה מבחינתך ערבי ראוי להערכה אחד שרוצח אותנו ושולל את קיומה של מדינת ישראל🤔...,Negative
" הצבא והמשטרה הורגים ערבים כל הזמן, ממוצע של לפחות אחד בשבוע וזה מעולם לא הטריד את סגל בנו של הרוצח. בהפגנות הגדר בעזה נטבחו בידי צלפי צה""ל מאות מפגינים לא חמושים ורק בריון מיידה אבנים אחד שנהרג בעת מרדף מטריד את מנוחתו של הגזען בן רוצח.",Negative
עצוב רצח:.,Positive
 ערבי שתומך ביהודים זה ערבי מחמד? כי מה מצופה מערבי לא מחמד? ציוץ מתנשא וגזעני כלפי האוכלוסייה הערבית,Negative
" לדעתי לא מגיע לו לאף אחד עונש מוות. אבל אם זה היה מחבל באירוע, היו קוראים לו מחבל (על אף גילו) או מפגין בהפגנה היו קוראים לו מפגין, הוא היה שם בתור נוער גבעות ונפגע במהלך ההתנהגות שלו. ולכן הכינוי הרלוונטי בתיאורו. אם היה נפגע מברק או נדרס באמצע הרחוב בלי כל קשר, לא היו מכנים.",Positive
 כמו כן: זועביז,Positive
" פרצופו האמיתי של אבי ביטון נחשף לעיני כל. מדובר בשמאלני, אנטי ציוני, עוכר ישראל, בוגד שממומן ע״י הקרן החדשה להפיל את שלטון הימין ולהעלות את המפלגות הערביות לשלטון כדי להוביל למדינת כל אזרחיה",Negative
" כן, זועביז, הסתה נגד שוברים שתיקה, באותה הקלות יכל לרוץ בימינה. אותה אג'נדה כלכלית ואותה אידאולוגיה פוליטית.",Positive
 זה בדיוק העניין בנט לא פוסל אף אחד ציוני זה תלוי בבחירת העם ובעוד דברים,Positive
"لحظات مهمة في تاريخ الامارات بصوت الشيخ محمد بن راشد آل مكتوم 🇦🇪 ترجمته للعبرانية ✡️ “”, 🇦🇪 רגעים חשובים בהיסטוריה של איחוד האמירויות, בקולו של השייח 'מוחמד בן ראשיד 📽 #تعليم #ترجمة:.",Positive
 אתה יודע מה ההורים שלה עושים?? יימח שמם וזכרם תקרא קצת בגוגל,Negative
" עזוב, פריי אנטישמי",Positive
 התמונה עם הקרש - אתה רציני לגביה? מדינת ישראל היא מפעל ציוני מדהים שהיה לפני נתניהו ויהיה הרבה אחריו. איך בכלל אפשר להעז להגיד שבלעדיו אנחנו כלום?,Negative
" תמיד שמח לבקר (אחרי הסגר), אבל הנקודה היתה שמכונת יחסי הציבור של החקלאות מתעלמת מהפיל בחדר - שברוב רובה של הארץ ימי ״העבודה העברית״ נגמרו מזמן ושהענף הפך תלוי לחלוטין בכוח עבודה זול, בעיקר תאילנדי וקצת פלסטיני",Negative
" לגיטימי. אבל לא יודע איך אמירה ""השאלה הזאת מגיע כי אתה עם כיפה"" יכולה איכשהו לצטייר יפה יותר... ועוד לקבוע שגלעד הוא מלח הארץ לעומת אליהו שהוא בסה""כ מתנחל מאיתמר - לא יודע, אשמח להודות שאני טועה - אבל לא רואה איך זה יכול להצטייר יפה יותר...",Positive
 זה בן אדם חצוף ומזלזל בחברי המועצה! איש אנטישמי זה אנחנו כבר יודעים שונא דת וחרדים!,Positive
" אבל ההכלה של חמאס הפרווה מול טרור ערבי, חאן אל אחמר ומגנומטרים איך הוא שכנע את כולכם שהוא הימין??? זו מדיניות מרכז ימין סער משקף את העמדות שלי הרבה יותר",Positive
" אוי ההתממות של אדון הארץ גרשוני-איילהו. מדובר במחבל יהודי וחבריו המחבלים המתעמרים בשיטתיות בפלסטינים. אם היה ערבי, היו יורים בו כמו באיאד חאלק.",Negative
 אמרת עמית סגל. התכוונת בו של מחבל. חכה בתור עם התביעה.,Positive
 כל עוד זה הדתיים יש להן לגיטימציה . אבל אם זה היה חס וחלילה מאלני או ערבי יאאאא ווראדי מה היה הולך פה,Positive
 אני מציע לגדעון סער ללהק גם את הנכד של בגין...הוא גם מוסלמי ויהיה לו שפה משותפת עם החתן שלו..,Negative
"אנחנו רגילים לכך שמעודדי הטרור ברש""פ מתגמלים מחבלים, אך לא ציפינו שגם יצטרף. פלסטיני שמור חוק לא יקבל מהרש""פ את חיסון הקורונה למשך חודשים ארוכים. אבל לפי מדיניות משרד הבריאות, מחבלים כלואים יקבלו מיד את החיסון עוד לפני המורים. פשוט בושה!:.",Negative
 טוב פה איבדת אותי ידידי היקר אני בעד להעיף את ביבי אבל לעולם לא אקרא לו לא ציוני,Positive
" הנאשם מרוב תיסכול הפך מחבק ""תומכי טרור""",Negative
 פשוט הזייה חבורת כרותי אונה מטורללים לפני חצי שנה קראתם להם תומכי טרור ועכשיו הם החברים הכי טובים שלכם,Negative
 בערך אחד מכל  אנשים שחטפו קורונה ימות ממנה. כל יום שבו המחלה הזאת ממשיכה להסתובב פה אלה אנשים שמתים באופן וודאי. העובדה שיש פוסקים שלא מסוגלים לתת פסיקה לא אינדבדואלית (כי הנפגעים הפוטנציאלים לא ידועים) היא מזעזעת בעיני.,Positive
"…הפשטה, הטרדה מינית ופגיעה במפגינים, בגופם וברכושם, וגם למכות רצח לחרדים ולנערי גבעות מפגינים. על כול אורגיית האלימות הזאת מנצח בנימין נתניהו.",Positive
 תאמין לי שהיד כבר מזמן הושטה והיד כבר מזמן אוחזת ביד האחרת. איך אתה אינך רואה זאת?,Positive
" אני מבין שלקרוא, אתה לא יודע. אתה מבין, זה מעניין לי את התחת אם אתה ערבי, דרוזי, בודהיסטי, צ'רקסי, בהאי, יהודי, קתולי או פרוטסטנטי. אמרתי *לך* יוזר עם תמונת פרופיל של גבר ערום, לך תלבש מכנסיים, המגזר שאליו אתה משתייך *לא* רלוונטי לאמירה שלי, *מאוד רלוונטי* לאמירה של דניאל.",Negative
" היו שתי הפגנות. אחת של תומכי טרור, גורסי עליונות יהודית, אלימים, החיים על כיבוש ודיכוי אחרים. הפגנה שבה נזרקו אבנים על שוטרים ועל ערבים עוברי אורח. והיתה הפגנה של המחנה הדמוקרטי. מה היתה השאלה?",Positive
" לכן כתבתי: תלוי ברעם באשר לשר ערבי ודאגה למגזר זה נכון שמשלה -או כל גוף - אמור לדאוג לכולם אך כולנו בני אדם , ואם לא מביאים בעיה לפתחנו איננו מודעים לה שר מהמגזר מכיר את בעיות המגזר ויכול להציפן בצורה טובהה יותר עוד תופעה אנושית היא להיות קרובים לדומים לנו [דעות עמדות וכד",Positive
 אתה משווה יהודים לערבים ? יהודים רוצים לחיות בשלום עם כולם. ערבים רוצים לרצוח יהודים. ואתה שנולד בארץ ישראל מדבר כמו אחרון החיילים של החמאס.,Negative
 רצח. לא הרג.,Positive
"מושגים חדשים בחקלאות, הלכות כשרות ובתורת הגזע שפגשתי בהם לאחרונה: ״גידול נגוע״ שהוא גידול אורגני או ערבי. לעומת זאת ״דיבור נגוע״ הוא כשר למהדרין.",Positive
" עידן לנדאו, אז מה, יוסף חדאד הוא בעיניך ערבי מחמד. מדוע, כי הוא בעד מדינת ישראל המדינה שהוא אזרח בה..? מבחינתך ערבי צריך להיות מזוהה עם אג׳נדת שמאל ועליו להתנהג לתפיסתך כתומך פאתח, חמאס, ג׳יהאד אסלאמי, או בל״ד. אתה בודאי גם מצפה שיתמוך בפיגועים. גזען עלוב.",Negative
בזכות הקורס בספרות אני קורא עכשיו שוב את התפסן ונזכר בעצמי בן ה- (?) שקרא אותו לראשונה ואני לא יודע להסביר ממה בדיוק אבל אני מתרגש רצח ובא לי להגיד לכולכם שאני אוהב אתכם,Positive
" אתה לגמרי טועה,משהו מעוור את עיניך,לא שמעתי אף אחד שמצדיק או תומך וכל מי שראיתי מהצד השמאל מרכז טוען שנתניהו הפקיר את תושבי העוטף ומבקר חריף את המדיניות שלו מול עזה. שנית,צדק לאיאד לא צריך להשתוות לכלום,מדובר בצדק עבור נער עם צרכים מיוחדים. מה כן? יש כנראה עייפות החומר, עצוב",Positive
" איך רוצח? אדם מגן על עצמו רכושו ומשפחתו והוא רוצח?צריך עוד הרבה ""רוצחים"" כאלו",Negative
" סטית מהנושא. טענת שלשמאל אין אידאולוגיה וחזון. השמאל הוא מרצ, העבודה והמשותפת. לשלושתן יש חזון, אידאולוגיה ומצע. דווקא לליכוד אין אידאולוגיה, חזון ומצע. פעם היה, עכשיו כבר לא. פעם הערבים נוהרים ופעם הוא מתחבק עם תומכי טרור כי הוא צריך אותם. ⏬⏬",Positive
" אני טיפוס פחדן והיסטרי, ועדיין אינני רואה תרחיש אחר לתהליך בו ציר הרשע והאסלאם כל הזמן מתעצמים מבחוץ, והמיעוטים הולכים ומתפשטים ומתערים ומתרבים מבפנים. ברגע שיינתן האות נותקף בטילים מכל עבר, ומבפנים יציתו את כל היערות ויעשו לנו חתיכת אינתיפאדה כולל ביקורי בית...",Positive
: עסקים יהיו סגורים בגלל האידיוטים האלה שלא אכפת להם שראש ממשלה שמאשר צוללות למצרים מאחורי גבה של מערכת הביטחון לא יהסס להשמיד…,Positive
"תחת שלטונו של נתניהו קם ביו""ש גוף מפלצתי שמטאטא מקרי אונס ופשיעה חקלאית של פלסטינים ומטפל רק בנוער גבעות. להזכירכם כמעט כל יום יש פיגוע אבנים. ליכוד. ימין. חזק.:.",Negative
 לא קשה לי עם המילה כיבוש. קשה לי עם שמאלנים הזוים שרק הביאו לנו את הקומוניזם והנאציזם שמנסים להטיף לנו מוסר,Negative
"אני זוכר שלגלגו על ה""חמולות שמצביעות לשס בגלל תקציבים"", ומדהים שהם לא עצרו לחשוב על זה שבין הגזענות של ה""זועביז"" והרתיעה של השמאל הציוני מהערבים לבין כסף, ברור שעדיף לקחת את הכסף. ממילא מקבלים קדחת בכל השאר.",Negative
" החטא הקדמון הוא קדושת השירות הצבאי. ברגע שהשירות יהיה בחירה ולא ערך לאומני עליון, גם החרדים ישתחררו מהסד הישיבתי שלהם.",Positive
" ממש. וגם מסביר שבסוף היו שניים אחד שרון, השני ערפאת ששנאו אחד את השני שנאת מוות שהפגישו את ישראל פעם עם לבנון ופעם עזה וי""וש לסבבים נוספים של לחימה, שכול וטרור",Negative
 מתחת פסלו של ריבלין נכתוב איש ביתר שעבר לשמאל וברך את עמו כעם של טרור,Positive
" או מתנחל ימני סטייל נוער גבעות, (וסליחה ממי שזה מעורר אצלו בחילה..) זה בכלל לא משנה לאיזה צד במפה הפוליטית אתה משתייך ידידי.. ‼️",Positive
קורונה ברשות הפלסטינית וברצועת עזה - קובי מיכאל (פודקאסטרטגי ):. דרך,Positive
 יש מצב שיש מושג חקלאי כלשהו שנקרא גידול ערבי או שאתם פשוט נאצים? שואל ברצינות,Positive
מרגל נאצי סוחר סמים מפעיל טרור אזרחי:.,Negative
" ואתם כמובן בולעים בשקיקה כל חרא שהוא מאכיל אתכם, אתה מדבר איתי על אידיאולוגיה?? איפה האידיאולוגיה שלך עכשיו? איפה הערבים נוהרים, מחבקי מחבלים, תומכי טרור? אתם תריעו לו גם אם ייתן לעבאס את תיק הביטחון",Positive
- יוסף חדאד לא עובד באם תרצו. - אתה לא מגיע לקרסוליים של - ערבי מחמד תקרא לסבתא שלך חתיכת גזען נפוח:.,Negative
"הליכוד עד לפני חודש: ערביי ישראל ונציגיהם הם ""תומכי טרור"" הליכוד של היום: ""הערבים אזרחי ישראל"" (אקוניס עכשיו את רינה סקסספול. חוזר על זה כמו תקליט כדי לצרוב לבייס במוח) מחבלי שפה צבועים וארורים! 😡",Negative
": והעיקר על מחבל שזורק בקבוק תבערה על חייל , החייל בורח לך תבין",Positive
" אז הקמפיין של התקשורת לממשלת שמאל עם הרשימה המשותפת בעיצומו וכמובן שהכי קל זה להגיד שביבי ומנסור וכו'... אז ככה, ביבי רוצה את קולות הערבים, שיצביעו עבורו. ולא הוא לא מתכוון להישען על רשימה של תומכי טרור. כרגיל הוא הראשון לזהות את השינוי בחברה הערבית. מלך !",Negative
" תסביר לינון שהוא טועה. סוף מעשה במחשבה תחילה. אהוביה סנדק לא היה צריך למות במשמרת של אוחנה. המכתזיות עם הבואש לא היו צריכות על המפגינים החרדים בזמן המשמרת של אוחנה. המפגינים בבלפור לא היו צריכים לשרוף רחובות, לחסום כבישים ובסוף לקבל ליטוף במשמרת של אוחנה.",Positive
 מי שעושה את הוא כבר לא ציוני ולא איכפת לו מהמדינה,Positive
 רעם היא מפלגה תומכת טרור (אם לא ידעתה),Negative
" מחבל בן  שנפגע בראשון כתוצאה מאלימות כלפי חיילי צהל בתמיכה של חברים נוספים שלו , שהתנגדו לפינוי מאחז לא חוקי, משותק כל חייו! נא לא להנדס תודעה אדון רז.",Negative
 אני מחפש בגוגל ולא מוצא. מעניין רצח.,Positive
"הנוסעים ברכב שנורה בכביש  היו בשיירה של  רכבים תחת ליווי משטרתי כיוון שהם ובני משפחתם עזבו את העיר לוד עקב הסכסוך בין המשפחות. המשטרה ידעה זאת, ידעה שהיה רצח בלילה וידעה שבעקבותיו מתוח. לכן ליוותה אותם בדרך ליעדם כדי למנוע את מה שלא הצליחה למנוע - ניסיון רצח. מה נאמר ומה נגיד",Positive
: ארה״ב הסירה את סודאן מרשימת המדינות תומכות טרור בתמורה להסכם עם ישראל. זה אומר שמעתה והלאה סודאן תהא חסינה מפני תביעות…,Positive
 רצון משוער של יהודי שנרצח &; רצון ידוע של ערבי חי. קל,Negative
": אלוף החיסונים של ישראל, מוחמד דאבח, אח בקופ""ח כללית בכרמיאל: ""חיסנתי ב- ימים  איש. אני עובד  שעות ביום, מחסן  איש ב…",Positive
"אם אתה פלסטיני ואתה מתנגד, מסיבה בלתי ברורה, להריסת ביתך, השוטרים לא ישכחו אותך ויפליאו בך מכותיהם בהזדמנות הראשונה:.",Positive
" בגלל שחברי כנסת שמצדיקים טרור, מבקרים בבתים של טרוריסטים, מתנגדים לזכויות שוות ללהט""ב ומאמינים בערכי ימי הביניים כפי שהם מתבטאים בדת - הם לא חלק משיוויון חוק ודמוקרטיה. פשוט צריך להבין שמדובר בבני אדם עם דיעות. שהם לא רק ""ערבים""",Negative
" שיטור יתר זה נגד אתיופים, שיטור יתר קורה כאשר בחור מוגבל ערבי נורה למוות. נשאלת השאלה האם ההורים של בחורי הגבעות מחנכים אותם לא לפשוע נגד ערבים לא לעקור ולשרוף עצים ומטעים שלהם ולא לזרוק אבנים על כוחות הבטחון.",Positive
" אני רק שאלה, גם אל זה היה נער פלסטיני הייתה מזדעזע? או שזה בסדר שזה היה עובר מתחת לראדאר?",Positive
": על פי חוק השב""כ! כל שוטר ופרקליט שפתחו בחקירה נגד ראש הממשלה בניגוד לחוק - צריכים להיחקר מיידית. *שמונה ימים *במרתפים הטחו…",Negative
"בסוף הציונות והמדינה היהודית תמיד יהיה חלאה שצועק ״ערבי״ כדי שאחרים יבואו להכניס לו מכות. ככה זה, גזענות מובילה לגזענות.:.",Negative
 כן איזה כיף זה שיתוף פעולה עם תומך טרור,Positive
" צעיר הפועל במאבק ללא אלימות לשחרור מולדתו הוא לא ״מחבל״. הכיבוש הוא הטרור , הכובשים הם המחבלים . נאמר אנו כן לחיים ללא חומות וגדרות ומחסומים לא בין בני האדם לא בין עמים ואנשים ! לא לחומות בין ערבים ליהודים , לא לחומות בין פליטים חדשים מאפריקה לפליטי אירופה הותיקים שהם הורינו . די",Negative
זה שימושי רצח:.,Positive
 מחבל ימח שמך ואחותך השרמוטה,Negative
": כולם נהיו פתאום מומחים לענייני ערבים,גם ערבי ציוני שמתגייס לצבא הכיבוש שלא משקף יותר מ%וגם עיתונאי יהודי שלא מכיר את החב…",Positive
 היה הרבה יותר קל אם הממשלה היתה מראה יותר שקיפות.... אבל אז זה היה מחבל בהאדרת שמו של המנהיג העליון.......,Positive
 גיגלתי אותו עכשיו והוא מלחיץ רצח מה זה,Positive
הצעה צנועה: לכל פלסטיני בשטחים שכבשה ישראל ב- תנתן האפשרות להתאזרח בישראל ולהצביע בבחירות הקרובות. מחר אשב עם שר הבטחון להסדיר את סוגית חפש התנועה.,Negative
 אוקיי מצאתי את זה ביוטיוב הולי שיט זה פשוט מושלם יצא רצח על השחקנים שלו ועל הקהל של הקבוצה ולמי שלא מכיר. שווה צפיה:.,Positive
 מחבל מזדיין חבל שאני לא שם,Negative
" זה מהמילה הלטינית ""פוסט"" שמשמעותה ""אחרי"". אז פוסט-ציוני זה מי שכבר לא ציוני. ופוסט-פוסט-ציוני זה מי שכבר לא פוסט-ציוני.",Negative
" אם אתה עיוור המשך להיות ככה רק אל תפיל את זה אחרים. כל מי שמעביר ביקורת הכי לגיטימית על ביבי אתם ישר מכנים אותו עוכר ישראל , פאשיסט וכו' וכו'. זה בדיוק פאשיזם שכל מי שמתנגד למהלך הכי קטן אפילו נחשב כאויב המדינה. תתעורר איש , אתה חי בהזיה.",Positive
": רצח מעבר לפינה. ביבי רק שופך עוד שמן למדורה, אבל לא רואה את זה מהמרפסת בבלפור, בדיוק כמו ב...:.",Positive
: הרשות הפלסטינית סיכלה פיגוע דקירה נגד חיילים:.,Positive
"אחרי שנכנסה לגן ילדים, ונשלחה למעצר בית תקפה: ""המדינה יכולה להעמיד אותי לדין אבל לא להתעלל. יש חוסר פרופורציה מטורף בין העבירות שמייחסים לי, לבין מה שהמשטרה עושה. אנחנו מנהלים את המאבק הכי לא אלים נגד הגירה. תפסיקו להפוך אותנו לארגון טרור"".",Positive
" אני גם לא אוהב את ביבי כי אני לא מכיר אותו אבל אני אוהב שהוא עושה בדיוק את מה שאני רוצה, חוץ ממחיקת עזה או לפחות את שכונות היוקרה שם, לא עולה לי עוד משהו שהוא אמר ולא עשה, לריבונות היה תחליף אחר ויותר טוב",Negative
אחרי ההחלטה הנכונה של אוחנה שלא לחסן אסירים בטחונים הגיע הפקיד גרוטו ומנסה להתוות מדיניות לממשלה מבעד לעובדה שמדובר בשלטון הפקידים פראקסלנס אין לחסן מחבלים שגרמו לרצח יהודים או שניסו לרצוח יהודים חיות אדם אלו הם בני מוות ומן הראוי שנחסן את אזרחי ישראל לא את מי שמנסה לפגוע בנו:.,Positive
 אחמד מי שבעד שהידים לא יכול לבוא בטענות על רצח שחיטה ותליה...!,Negative
: ישראל מובילה את העולם בחיסונים לקורונה ואתמול התחסנו כמעט מאה אלף איש וצריך להגיד מילה טובה לכל האחים והאחיות שבחזית מבצע…,Positive
